sex,race,vsblfl,diabp,pulse,height,weight,bmi,sysbp
M,WHITE,Y,73.36522467332033,77.3442092807808,100.82919457334953,104.07702047536424,30.545514066693123,426
F,BLACK,Y,41.45394132177838,48.801860443096004,116.08880845464542,75.63778401044789,16.553922295970644,94647
F,WHITE,N,58.58149772888152,14.794355525765642,43.093098100342765,80.97722441054816,27.205332597755287,94330
F,WHITE,N,28.30190672556447,51.13184460368397,37.18926279631423,55.58910917908139,10.983421290203236,34523
M,WHITE,Y,8.26644144956132,35.937757404726305,91.856750993464,16.710137841906096,1.7243106492748863,65613
M,BLACK,N,65.39050126014206,28.521638117344917,30.60999354020471,97.04692002947601,4.826571785193099,99872
M,BLACK,N,14.39745137226053,61.48614263076715,46.06372415030991,13.716215345393216,31.26164067385297,23417
F,BLACK,Y,31.006809527888056,4.749064086764286,107.06476331790017,41.80473888309216,21.6513923220851,66543
F,BLACK,N,73.2668269046284,75.45934525734366,60.208534330567716,2.7354480982645843,4.163652615608706,13948
M,WHITE,N,48.867892410494306,48.67926615406709,80.52738744990518,49.11049973592523,27.870373586635218,81960
M,BLACK,Y,57.260973243174156,18.36022143701959,1.7073392394133786,40.27462943109706,10.678463995368604,39118
M,BLACK,Y,22.15507079304253,56.79738676972225,1.9546095151989173,71.9219660054424,27.272200202585324,83749
F,BLACK,N,2.1678443320250977,36.208808688896596,60.91097578353752,115.0512657027185,37.703702032215354,66541
F,WHITE,Y,65.10621249320019,26.416540755372097,9.582426183334462,1.5709644297329448,30.881178553814404,79819
F,WHITE,Y,10.708813434622295,63.590930699976866,14.910527474449085,108.95020915970795,5.8693040459866985,26072
M,WHITE,N,36.58716835360165,6.045182636744547,68.07584065497187,78.73921278755455,14.865291442902745,20033
F,ASIAN,N,-1.0,-1.0,-1.0,-1.0,-1.0,21799
F,OTHER,N,-1.0,-1.0,-1.0,-1.0,-1.0,28017
F,ASIAN,N,-1.0,-1.0,-1.0,-1.0,-1.0,49673
F,OTHER,N,-1.0,-1.0,-1.0,-1.0,-1.0,59639
F,OTHER,N,-1.0,-1.0,-1.0,-1.0,-1.0,20290
F,OTHER,N,-1.0,-1.0,-1.0,-1.0,-1.0,7666
F,OTHER,N,-1.0,-1.0,-1.0,-1.0,-1.0,6573
F,ASIAN,N,-1.0,-1.0,-1.0,-1.0,-1.0,66563
F,ASIAN,N,-1.0,-1.0,-1.0,-1.0,-1.0,77993
F,ASIAN,N,-1.0,-1.0,-1.0,-1.0,-1.0,15714
F,ASIAN,N,-1.0,-1.0,-1.0,-1.0,-1.0,54949
F,OTHER,N,-1.0,-1.0,-1.0,-1.0,-1.0,87783
F,ASIAN,N,-1.0,-1.0,-1.0,-1.0,-1.0,51877
F,OTHER,N,-1.0,-1.0,-1.0,-1.0,-1.0,41442
F,ASIAN,N,-1.0,-1.0,-1.0,-1.0,-1.0,81417
F,ASIAN,N,-1.0,-1.0,-1.0,-1.0,-1.0,66308
F,ASIAN,N,-1.0,-1.0,-1.0,-1.0,-1.0,9017
F,OTHER,N,-1.0,-1.0,-1.0,-1.0,-1.0,20677
F,OTHER,N,-1.0,-1.0,-1.0,-1.0,-1.0,87539
F,ASIAN,N,-1.0,-1.0,-1.0,-1.0,-1.0,34665
F,ASIAN,N,-1.0,-1.0,-1.0,-1.0,-1.0,35698
F,ASIAN,N,-1.0,-1.0,-1.0,-1.0,-1.0,26686
F,OTHER,N,-1.0,-1.0,-1.0,-1.0,-1.0,6659
F,OTHER,N,-1.0,-1.0,-1.0,-1.0,-1.0,5779
F,OTHER,N,-1.0,-1.0,-1.0,-1.0,-1.0,83508
F,ASIAN,N,-1.0,-1.0,-1.0,-1.0,-1.0,72310
F,ASIAN,N,-1.0,-1.0,-1.0,-1.0,-1.0,9863
F,ASIAN,N,-1.0,-1.0,-1.0,-1.0,-1.0,76351
F,OTHER,N,-1.0,-1.0,-1.0,-1.0,-1.0,5483
F,OTHER,N,-1.0,-1.0,-1.0,-1.0,-1.0,46899
F,ASIAN,N,-1.0,-1.0,-1.0,-1.0,-1.0,46358
F,ASIAN,N,-1.0,-1.0,-1.0,-1.0,-1.0,21300
F,OTHER,N,-1.0,-1.0,-1.0,-1.0,-1.0,23510
F,OTHER,N,-1.0,-1.0,-1.0,-1.0,-1.0,34971
F,ASIAN,N,-1.0,-1.0,-1.0,-1.0,-1.0,5076
F,ASIAN,N,-1.0,-1.0,-1.0,-1.0,-1.0,60333
F,OTHER,N,-1.0,-1.0,-1.0,-1.0,-1.0,29220
F,ASIAN,N,-1.0,-1.0,-1.0,-1.0,-1.0,43026
F,ASIAN,N,-1.0,-1.0,-1.0,-1.0,-1.0,46026
F,OTHER,N,-1.0,-1.0,-1.0,-1.0,-1.0,15119
F,ASIAN,N,-1.0,-1.0,-1.0,-1.0,-1.0,5015
F,OTHER,N,-1.0,-1.0,-1.0,-1.0,-1.0,95492
F,OTHER,N,-1.0,-1.0,-1.0,-1.0,-1.0,50489
F,OTHER,N,-1.0,-1.0,-1.0,-1.0,-1.0,92902
F,ASIAN,N,-1.0,-1.0,-1.0,-1.0,-1.0,47740
F,ASIAN,N,-1.0,-1.0,-1.0,-1.0,-1.0,81679
F,ASIAN,N,-1.0,-1.0,-1.0,-1.0,-1.0,66470
F,OTHER,N,-1.0,-1.0,-1.0,-1.0,-1.0,52744
F,ASIAN,N,-1.0,-1.0,-1.0,-1.0,-1.0,55109
F,ASIAN,N,-1.0,-1.0,-1.0,-1.0,-1.0,53226
F,OTHER,N,-1.0,-1.0,-1.0,-1.0,-1.0,27550
F,OTHER,N,-1.0,-1.0,-1.0,-1.0,-1.0,57906
F,ASIAN,N,-1.0,-1.0,-1.0,-1.0,-1.0,96464
F,ASIAN,N,-1.0,-1.0,-1.0,-1.0,-1.0,67562
F,ASIAN,N,-1.0,-1.0,-1.0,-1.0,-1.0,88185
F,ASIAN,N,-1.0,-1.0,-1.0,-1.0,-1.0,19314
F,ASIAN,N,-1.0,-1.0,-1.0,-1.0,-1.0,62278
F,OTHER,N,-1.0,-1.0,-1.0,-1.0,-1.0,82545
F,OTHER,N,-1.0,-1.0,-1.0,-1.0,-1.0,52384
F,ASIAN,N,-1.0,-1.0,-1.0,-1.0,-1.0,98431
F,OTHER,N,-1.0,-1.0,-1.0,-1.0,-1.0,23054
F,ASIAN,N,-1.0,-1.0,-1.0,-1.0,-1.0,15907
F,ASIAN,N,-1.0,-1.0,-1.0,-1.0,-1.0,87501
F,OTHER,N,-1.0,-1.0,-1.0,-1.0,-1.0,71811
F,ASIAN,N,-1.0,-1.0,-1.0,-1.0,-1.0,58992
F,ASIAN,N,-1.0,-1.0,-1.0,-1.0,-1.0,68328
F,ASIAN,N,-1.0,-1.0,-1.0,-1.0,-1.0,57655
F,OTHER,N,-1.0,-1.0,-1.0,-1.0,-1.0,35615
F,OTHER,N,-1.0,-1.0,-1.0,-1.0,-1.0,18137
F,ASIAN,N,-1.0,-1.0,-1.0,-1.0,-1.0,90958
F,ASIAN,N,-1.0,-1.0,-1.0,-1.0,-1.0,54378
F,OTHER,N,-1.0,-1.0,-1.0,-1.0,-1.0,54497
F,ASIAN,N,-1.0,-1.0,-1.0,-1.0,-1.0,51050
F,OTHER,N,-1.0,-1.0,-1.0,-1.0,-1.0,773
F,OTHER,N,-1.0,-1.0,-1.0,-1.0,-1.0,54922
F,OTHER,N,-1.0,-1.0,-1.0,-1.0,-1.0,35775
F,OTHER,N,-1.0,-1.0,-1.0,-1.0,-1.0,50969
F,OTHER,N,-1.0,-1.0,-1.0,-1.0,-1.0,61262
F,ASIAN,N,-1.0,-1.0,-1.0,-1.0,-1.0,77581
F,ASIAN,N,-1.0,-1.0,-1.0,-1.0,-1.0,17787
F,ASIAN,N,-1.0,-1.0,-1.0,-1.0,-1.0,34100
F,OTHER,N,-1.0,-1.0,-1.0,-1.0,-1.0,59599
F,OTHER,N,-1.0,-1.0,-1.0,-1.0,-1.0,36472
F,OTHER,N,-1.0,-1.0,-1.0,-1.0,-1.0,61645
F,ASIAN,N,-1.0,-1.0,-1.0,-1.0,-1.0,29390
F,ASIAN,N,-1.0,-1.0,-1.0,-1.0,-1.0,32412
F,ASIAN,N,-1.0,-1.0,-1.0,-1.0,-1.0,31267
F,OTHER,N,-1.0,-1.0,-1.0,-1.0,-1.0,73921
F,OTHER,N,-1.0,-1.0,-1.0,-1.0,-1.0,48352
F,ASIAN,N,-1.0,-1.0,-1.0,-1.0,-1.0,40769
F,ASIAN,N,-1.0,-1.0,-1.0,-1.0,-1.0,75471
F,OTHER,N,-1.0,-1.0,-1.0,-1.0,-1.0,9962
F,ASIAN,N,-1.0,-1.0,-1.0,-1.0,-1.0,89688
F,ASIAN,N,-1.0,-1.0,-1.0,-1.0,-1.0,69828
F,OTHER,N,-1.0,-1.0,-1.0,-1.0,-1.0,66318
F,ASIAN,N,-1.0,-1.0,-1.0,-1.0,-1.0,64252
F,OTHER,N,-1.0,-1.0,-1.0,-1.0,-1.0,83308
F,ASIAN,N,-1.0,-1.0,-1.0,-1.0,-1.0,23087
F,OTHER,N,-1.0,-1.0,-1.0,-1.0,-1.0,57092
F,OTHER,N,-1.0,-1.0,-1.0,-1.0,-1.0,11360
F,OTHER,N,-1.0,-1.0,-1.0,-1.0,-1.0,98367
F,OTHER,N,-1.0,-1.0,-1.0,-1.0,-1.0,3762
F,OTHER,N,-1.0,-1.0,-1.0,-1.0,-1.0,63905
F,OTHER,N,-1.0,-1.0,-1.0,-1.0,-1.0,44609
F,OTHER,N,-1.0,-1.0,-1.0,-1.0,-1.0,67716
F,ASIAN,N,-1.0,-1.0,-1.0,-1.0,-1.0,94382
F,OTHER,N,-1.0,-1.0,-1.0,-1.0,-1.0,90520
F,OTHER,N,-1.0,-1.0,-1.0,-1.0,-1.0,2261
F,OTHER,N,-1.0,-1.0,-1.0,-1.0,-1.0,53006
F,OTHER,N,-1.0,-1.0,-1.0,-1.0,-1.0,62032
F,OTHER,N,-1.0,-1.0,-1.0,-1.0,-1.0,46113
F,OTHER,N,-1.0,-1.0,-1.0,-1.0,-1.0,32952
F,ASIAN,N,-1.0,-1.0,-1.0,-1.0,-1.0,41360
F,ASIAN,N,-1.0,-1.0,-1.0,-1.0,-1.0,28362
F,OTHER,N,-1.0,-1.0,-1.0,-1.0,-1.0,13177
F,OTHER,N,-1.0,-1.0,-1.0,-1.0,-1.0,47302
F,OTHER,N,-1.0,-1.0,-1.0,-1.0,-1.0,92802
F,OTHER,N,-1.0,-1.0,-1.0,-1.0,-1.0,7147
F,ASIAN,N,-1.0,-1.0,-1.0,-1.0,-1.0,13447
F,OTHER,N,-1.0,-1.0,-1.0,-1.0,-1.0,62747
F,OTHER,N,-1.0,-1.0,-1.0,-1.0,-1.0,6735
F,OTHER,N,-1.0,-1.0,-1.0,-1.0,-1.0,8565
F,OTHER,N,-1.0,-1.0,-1.0,-1.0,-1.0,75632
F,ASIAN,N,-1.0,-1.0,-1.0,-1.0,-1.0,73773
F,ASIAN,N,-1.0,-1.0,-1.0,-1.0,-1.0,15526
F,ASIAN,N,-1.0,-1.0,-1.0,-1.0,-1.0,59050
F,OTHER,N,-1.0,-1.0,-1.0,-1.0,-1.0,40027
F,ASIAN,N,-1.0,-1.0,-1.0,-1.0,-1.0,81988
F,OTHER,N,-1.0,-1.0,-1.0,-1.0,-1.0,20586
F,ASIAN,N,-1.0,-1.0,-1.0,-1.0,-1.0,20518
F,OTHER,N,-1.0,-1.0,-1.0,-1.0,-1.0,90358
F,OTHER,N,-1.0,-1.0,-1.0,-1.0,-1.0,30341
F,OTHER,N,-1.0,-1.0,-1.0,-1.0,-1.0,9330
F,OTHER,N,-1.0,-1.0,-1.0,-1.0,-1.0,55724
F,ASIAN,N,-1.0,-1.0,-1.0,-1.0,-1.0,34817
F,ASIAN,N,-1.0,-1.0,-1.0,-1.0,-1.0,21748
F,OTHER,N,-1.0,-1.0,-1.0,-1.0,-1.0,16300
F,OTHER,N,-1.0,-1.0,-1.0,-1.0,-1.0,35684
F,OTHER,N,-1.0,-1.0,-1.0,-1.0,-1.0,78386
F,OTHER,N,-1.0,-1.0,-1.0,-1.0,-1.0,79130
F,ASIAN,N,-1.0,-1.0,-1.0,-1.0,-1.0,30006
F,OTHER,N,-1.0,-1.0,-1.0,-1.0,-1.0,99126
F,OTHER,N,-1.0,-1.0,-1.0,-1.0,-1.0,36459
F,OTHER,N,-1.0,-1.0,-1.0,-1.0,-1.0,11960
