sex,race,ethnic,country,armcd,agegr1,saffl,ittfl,compfl,fasfl,age,heightbl,weightbl,bmibl,durdis,trtdurd,egfrbl
M,WHITE,HISPANIC OR LATINO,USA,PLACEBO,65-80,Y,Y,Y,Y,76.30941066776694,152.7993502763874,155.85411672615066,37.84736962589089,45.540092428555155,236.34662695109031,63994
F,WHITE,HISPANIC OR LATINO,USA,ACTIVE,18-64,Y,N,N,Y,46.81879730006593,35.20816259258319,95.54321118648195,6.792698198346283,36.632914799239906,68.62324084300424,28761
M,OTHER,HISPANIC OR LATINO,USA,ACTIVE,65-80,N,N,Y,N,51.350002192295484,58.359984515664095,108.2765589121249,10.06897303739349,36.22757850491609,137.067229022912,35775
M,ASIAN,HISPANIC OR LATINO,GBR,PLACEBO,18-64,Y,N,Y,N,28.51855994400758,55.18217055571173,56.97177305334417,11.176942325281988,30.272630101194938,72.43606524807235,57126
M,WHITE,HISPANIC OR LATINO,FRA,ACTIVE,18-64,N,Y,Y,Y,1.113026462555224,158.172235359427,4.183863944710571,36.617604514711715,25.460683222763887,46.49025464810276,63655
F,OTHER,HISPANIC OR LATINO,USA,PLACEBO,18-64,N,Y,N,N,63.804816479442245,93.37776263482786,127.4316113857868,20.973220655507028,46.7204480739787,31.746678826803684,3805
F,ASIAN,HISPANIC OR LATINO,GBR,ACTIVE,65-80,Y,Y,N,N,16.686259307034955,98.47323538687179,35.332271571573315,22.655840086387265,27.18934827552964,237.84315454559467,50969
F,WHITE,HISPANIC OR LATINO,GBR,PLACEBO,65-80,N,N,N,Y,33.33964365964849,31.784967993825436,62.900741246830066,6.476081802644147,33.76396087895627,122.87777366846886,44058
M,WHITE,NOT HISPANIC OR LATINO,FRA,ACTIVE,18-64,N,N,N,N,76.88122734485219,145.32888075124868,2.209456521843218,2.2138918200409985,42.512938233938804,232.11937602628655,87671
F,WHITE,NOT HISPANIC OR LATINO,GBR,PLACEBO,65-80,N,Y,Y,N,47.9960970443314,27.475144704022867,68.411596907526,31.37502957658481,36.06132701687754,78.13993588179149,89017
M,ASIAN,NOT HISPANIC OR LATINO,GBR,PLACEBO,18-64,Y,Y,N,Y,50.20834243297302,42.18564442483419,52.510354242732234,28.98652585583733,37.42169663568575,127.67473763341022,52995
M,OTHER,NOT HISPANIC OR LATINO,USA,ACTIVE,65-80,N,Y,N,Y,28.807678769527683,46.27473702246195,104.05721800174393,27.201553891026713,32.39357104303199,62.35443649854255,94920
M,WHITE,NOT HISPANIC OR LATINO,USA,PLACEBO,65-80,Y,N,N,N,0.8968886628789927,142.714244169389,156.75428653644306,1.4072421104566732,25.70352966280146,36.95609015256608,21633
F,OTHER,NOT HISPANIC OR LATINO,FRA,ACTIVE,65-80,Y,N,Y,Y,60.27447348181108,86.1583313524999,35.128646802104896,16.814981051412715,46.827488215691474,46.00777512175502,61262
F,OTHER,NOT HISPANIC OR LATINO,USA,PLACEBO,18-64,N,N,Y,Y,18.829142411105472,87.24975167281549,126.01369623400944,16.226491965395322,25.262391952464863,214.539445847851,16729
F,WHITE,NOT HISPANIC OR LATINO,USA,ACTIVE,18-64,Y,Y,Y,N,30.161032550163068,27.166044949401908,93.02756957902238,30.92215216519403,34.30861482313757,131.84700960714076,81561
F,OTHER,NOT HISPANIC OR LATINO,GBR,ACTIVE,18-64,N,N,N,N,75.12411999552285,155.09339299830583,154.4487585325433,37.88513732530428,0.5704357036246227,19.9917629377583,70009
M,ASIAN,NOT HISPANIC OR LATINO,GBR,PLACEBO,65-80,N,Y,Y,N,45.989133214931506,30.369622171855227,92.92512751099883,6.262191776023946,6.326717175569662,163.62746189122288,3535
F,WHITE,NOT HISPANIC OR LATINO,GBR,PLACEBO,18-64,Y,Y,N,Y,53.35691538513839,54.7947072077945,104.3879493915221,12.971524254556416,8.45873280145534,90.9465558060468,51646
F,WHITE,NOT HISPANIC OR LATINO,USA,ACTIVE,65-80,N,Y,N,Y,27.485342626344632,55.95369206618621,53.19342469558486,13.80351024157374,14.88510578235409,158.355041798217,77581
F,OTHER,NOT HISPANIC OR LATINO,USA,PLACEBO,65-80,Y,N,N,N,0.9541797675556234,150.62061062867676,2.3251716797281023,37.76065421656221,21.432255091280084,188.19883282025634,73976
M,WHITE,NOT HISPANIC OR LATINO,GBR,ACTIVE,65-80,Y,N,Y,Y,61.89424424378451,95.82788928651125,122.51692639233828,20.76616389204218,0.7586350347547821,204.92859520887515,86901
M,WHITE,NOT HISPANIC OR LATINO,USA,PLACEBO,18-64,N,N,Y,Y,15.457557784437226,90.11386935149268,35.365395071436865,22.954418614035802,22.05571038137524,2.0642130444508986,3553
M,ASIAN,NOT HISPANIC OR LATINO,USA,ACTIVE,18-64,Y,Y,Y,N,33.79102808886661,33.78052866757645,67.92096610729708,6.105998507874757,16.745628211790155,96.76929037864075,11004
F,OTHER,HISPANIC OR LATINO,USA,PLACEBO,65-80,Y,Y,Y,Y,76.86013593374088,144.41181534491366,5.0021192512762545,2.3583476238431635,0.42590454198115024,7.67208414410809,84247
M,ASIAN,HISPANIC OR LATINO,USA,ACTIVE,18-64,Y,N,N,Y,46.02497478624875,23.901710611932636,64.6496452654344,33.04083158149233,7.240954776050581,172.9461846063039,56180
F,WHITE,HISPANIC OR LATINO,USA,ACTIVE,65-80,N,N,Y,N,51.47558069729177,43.25969234645565,51.71950781174389,27.387162962049207,8.790365173088142,107.10389808695248,17787
F,WHITE,HISPANIC OR LATINO,GBR,PLACEBO,18-64,Y,N,Y,N,27.423570770241245,48.024175133245926,102.17220445335411,28.922042521850052,14.080870107051641,173.31326472816158,60516
F,OTHER,HISPANIC OR LATINO,FRA,ACTIVE,18-64,N,Y,Y,Y,3.854938976404835,144.1376541284157,153.65785312203468,3.3305134533082716,20.980634227050125,185.73675719893745,23820
M,WHITE,HISPANIC OR LATINO,USA,PLACEBO,18-64,N,Y,N,N,62.873428914384036,81.37692034184474,34.996585904236746,16.184985853060578,3.092091762486366,183.32851277137033,6591
M,WHITE,HISPANIC OR LATINO,GBR,ACTIVE,65-80,Y,Y,N,N,18.11116754470173,81.58523264977454,122.16291542511794,16.443524276597547,21.878467698491086,6.5194740577146915,34100
M,ASIAN,HISPANIC OR LATINO,FRA,PLACEBO,65-80,N,N,N,Y,30.655063240668795,24.695720722446318,94.28483799705748,31.209070355121742,13.901890130732747,94.32069263118454,49690
F,ASIAN,NOT HISPANIC OR LATINO,FRA,ACTIVE,18-64,N,N,NA,N,-1.0,-1.0,-1.0,-1.0,-1.0,-1.0,90267
F,OTHER,NOT HISPANIC OR LATINO,GBR,ACTIVE,18-64,N,N,UNK,N,-1.0,-1.0,-1.0,-1.0,-1.0,-1.0,3391
F,ASIAN,NOT HISPANIC OR LATINO,GBR,ACTIVE,18-64,N,N,UNK,N,-1.0,-1.0,-1.0,-1.0,-1.0,-1.0,76721
F,OTHER,NOT HISPANIC OR LATINO,GBR,ACTIVE,18-64,N,N,NA,N,-1.0,-1.0,-1.0,-1.0,-1.0,-1.0,43229
F,OTHER,NOT HISPANIC OR LATINO,GBR,ACTIVE,18-64,N,N,UNK,N,-1.0,-1.0,-1.0,-1.0,-1.0,-1.0,15195
F,ASIAN,NOT HISPANIC OR LATINO,GBR,ACTIVE,18-64,N,N,UNK,N,-1.0,-1.0,-1.0,-1.0,-1.0,-1.0,26681
F,ASIAN,NOT HISPANIC OR LATINO,GBR,ACTIVE,18-64,N,N,NA,N,-1.0,-1.0,-1.0,-1.0,-1.0,-1.0,72200
F,OTHER,NOT HISPANIC OR LATINO,FRA,ACTIVE,18-64,N,N,UNK,N,-1.0,-1.0,-1.0,-1.0,-1.0,-1.0,66699
F,OTHER,NOT HISPANIC OR LATINO,GBR,ACTIVE,18-64,N,N,NA,N,-1.0,-1.0,-1.0,-1.0,-1.0,-1.0,9151
F,OTHER,NOT HISPANIC OR LATINO,GBR,ACTIVE,18-64,N,N,NA,N,-1.0,-1.0,-1.0,-1.0,-1.0,-1.0,70593
F,OTHER,NOT HISPANIC OR LATINO,GBR,ACTIVE,18-64,N,N,UNK,N,-1.0,-1.0,-1.0,-1.0,-1.0,-1.0,53842
F,OTHER,NOT HISPANIC OR LATINO,GBR,ACTIVE,18-64,N,N,NA,N,-1.0,-1.0,-1.0,-1.0,-1.0,-1.0,13155
F,ASIAN,NOT HISPANIC OR LATINO,FRA,ACTIVE,18-64,N,N,UNK,N,-1.0,-1.0,-1.0,-1.0,-1.0,-1.0,44376
F,ASIAN,NOT HISPANIC OR LATINO,GBR,ACTIVE,18-64,N,N,NA,N,-1.0,-1.0,-1.0,-1.0,-1.0,-1.0,29818
F,OTHER,NOT HISPANIC OR LATINO,FRA,ACTIVE,18-64,N,N,NA,N,-1.0,-1.0,-1.0,-1.0,-1.0,-1.0,7356
F,OTHER,NOT HISPANIC OR LATINO,GBR,ACTIVE,18-64,N,N,NA,N,-1.0,-1.0,-1.0,-1.0,-1.0,-1.0,10351
F,ASIAN,NOT HISPANIC OR LATINO,FRA,ACTIVE,18-64,N,N,UNK,N,-1.0,-1.0,-1.0,-1.0,-1.0,-1.0,60982
F,ASIAN,NOT HISPANIC OR LATINO,GBR,ACTIVE,18-64,N,N,UNK,N,-1.0,-1.0,-1.0,-1.0,-1.0,-1.0,26112
F,OTHER,NOT HISPANIC OR LATINO,FRA,ACTIVE,18-64,N,N,NA,N,-1.0,-1.0,-1.0,-1.0,-1.0,-1.0,35977
F,ASIAN,NOT HISPANIC OR LATINO,GBR,ACTIVE,18-64,N,N,UNK,N,-1.0,-1.0,-1.0,-1.0,-1.0,-1.0,82346
F,ASIAN,NOT HISPANIC OR LATINO,GBR,ACTIVE,18-64,N,N,UNK,N,-1.0,-1.0,-1.0,-1.0,-1.0,-1.0,97974
F,ASIAN,NOT HISPANIC OR LATINO,FRA,ACTIVE,18-64,N,N,UNK,N,-1.0,-1.0,-1.0,-1.0,-1.0,-1.0,97854
F,ASIAN,NOT HISPANIC OR LATINO,FRA,ACTIVE,18-64,N,N,NA,N,-1.0,-1.0,-1.0,-1.0,-1.0,-1.0,1825
F,ASIAN,NOT HISPANIC OR LATINO,GBR,ACTIVE,18-64,N,N,NA,N,-1.0,-1.0,-1.0,-1.0,-1.0,-1.0,3281
F,ASIAN,NOT HISPANIC OR LATINO,GBR,ACTIVE,18-64,N,N,NA,N,-1.0,-1.0,-1.0,-1.0,-1.0,-1.0,39894
F,ASIAN,NOT HISPANIC OR LATINO,FRA,ACTIVE,18-64,N,N,UNK,N,-1.0,-1.0,-1.0,-1.0,-1.0,-1.0,54380
F,OTHER,NOT HISPANIC OR LATINO,GBR,ACTIVE,18-64,N,N,UNK,N,-1.0,-1.0,-1.0,-1.0,-1.0,-1.0,47538
F,OTHER,NOT HISPANIC OR LATINO,FRA,ACTIVE,18-64,N,N,UNK,N,-1.0,-1.0,-1.0,-1.0,-1.0,-1.0,86871
F,ASIAN,NOT HISPANIC OR LATINO,GBR,ACTIVE,18-64,N,N,NA,N,-1.0,-1.0,-1.0,-1.0,-1.0,-1.0,30540
F,ASIAN,NOT HISPANIC OR LATINO,GBR,ACTIVE,18-64,N,N,NA,N,-1.0,-1.0,-1.0,-1.0,-1.0,-1.0,17276
F,OTHER,NOT HISPANIC OR LATINO,GBR,ACTIVE,18-64,N,N,NA,N,-1.0,-1.0,-1.0,-1.0,-1.0,-1.0,68956
F,ASIAN,NOT HISPANIC OR LATINO,GBR,ACTIVE,18-64,N,N,NA,N,-1.0,-1.0,-1.0,-1.0,-1.0,-1.0,60037
F,ASIAN,NOT HISPANIC OR LATINO,GBR,ACTIVE,18-64,N,N,NA,N,-1.0,-1.0,-1.0,-1.0,-1.0,-1.0,42220
F,ASIAN,NOT HISPANIC OR LATINO,GBR,ACTIVE,18-64,N,N,UNK,N,-1.0,-1.0,-1.0,-1.0,-1.0,-1.0,91984
F,ASIAN,NOT HISPANIC OR LATINO,GBR,ACTIVE,18-64,N,N,UNK,N,-1.0,-1.0,-1.0,-1.0,-1.0,-1.0,95632
F,OTHER,NOT HISPANIC OR LATINO,GBR,ACTIVE,18-64,N,N,NA,N,-1.0,-1.0,-1.0,-1.0,-1.0,-1.0,11189
F,OTHER,NOT HISPANIC OR LATINO,GBR,ACTIVE,18-64,N,N,UNK,N,-1.0,-1.0,-1.0,-1.0,-1.0,-1.0,87208
F,ASIAN,NOT HISPANIC OR LATINO,GBR,ACTIVE,18-64,N,N,UNK,N,-1.0,-1.0,-1.0,-1.0,-1.0,-1.0,14185
F,OTHER,NOT HISPANIC OR LATINO,GBR,ACTIVE,18-64,N,N,NA,N,-1.0,-1.0,-1.0,-1.0,-1.0,-1.0,35819
F,OTHER,NOT HISPANIC OR LATINO,FRA,ACTIVE,18-64,N,N,NA,N,-1.0,-1.0,-1.0,-1.0,-1.0,-1.0,12027
F,OTHER,NOT HISPANIC OR LATINO,GBR,ACTIVE,18-64,N,N,UNK,N,-1.0,-1.0,-1.0,-1.0,-1.0,-1.0,6896
F,ASIAN,NOT HISPANIC OR LATINO,FRA,ACTIVE,18-64,N,N,UNK,N,-1.0,-1.0,-1.0,-1.0,-1.0,-1.0,35805
F,ASIAN,NOT HISPANIC OR LATINO,GBR,ACTIVE,18-64,N,N,NA,N,-1.0,-1.0,-1.0,-1.0,-1.0,-1.0,51808
F,ASIAN,NOT HISPANIC OR LATINO,GBR,ACTIVE,18-64,N,N,UNK,N,-1.0,-1.0,-1.0,-1.0,-1.0,-1.0,1014
F,OTHER,NOT HISPANIC OR LATINO,FRA,ACTIVE,18-64,N,N,UNK,N,-1.0,-1.0,-1.0,-1.0,-1.0,-1.0,57177
F,OTHER,NOT HISPANIC OR LATINO,GBR,ACTIVE,18-64,N,N,NA,N,-1.0,-1.0,-1.0,-1.0,-1.0,-1.0,2734
F,ASIAN,NOT HISPANIC OR LATINO,GBR,ACTIVE,18-64,N,N,UNK,N,-1.0,-1.0,-1.0,-1.0,-1.0,-1.0,68677
F,OTHER,NOT HISPANIC OR LATINO,GBR,ACTIVE,18-64,N,N,NA,N,-1.0,-1.0,-1.0,-1.0,-1.0,-1.0,45794
F,ASIAN,NOT HISPANIC OR LATINO,FRA,ACTIVE,18-64,N,N,NA,N,-1.0,-1.0,-1.0,-1.0,-1.0,-1.0,23219
F,OTHER,NOT HISPANIC OR LATINO,GBR,ACTIVE,18-64,N,N,UNK,N,-1.0,-1.0,-1.0,-1.0,-1.0,-1.0,82757
F,OTHER,NOT HISPANIC OR LATINO,GBR,ACTIVE,18-64,N,N,NA,N,-1.0,-1.0,-1.0,-1.0,-1.0,-1.0,48332
F,ASIAN,NOT HISPANIC OR LATINO,GBR,ACTIVE,18-64,N,N,UNK,N,-1.0,-1.0,-1.0,-1.0,-1.0,-1.0,65716
F,ASIAN,NOT HISPANIC OR LATINO,FRA,ACTIVE,18-64,N,N,NA,N,-1.0,-1.0,-1.0,-1.0,-1.0,-1.0,57596
F,OTHER,NOT HISPANIC OR LATINO,GBR,ACTIVE,18-64,N,N,UNK,N,-1.0,-1.0,-1.0,-1.0,-1.0,-1.0,43214
F,OTHER,NOT HISPANIC OR LATINO,GBR,ACTIVE,18-64,N,N,UNK,N,-1.0,-1.0,-1.0,-1.0,-1.0,-1.0,85991
F,ASIAN,NOT HISPANIC OR LATINO,GBR,ACTIVE,18-64,N,N,UNK,N,-1.0,-1.0,-1.0,-1.0,-1.0,-1.0,2390
F,OTHER,NOT HISPANIC OR LATINO,FRA,ACTIVE,18-64,N,N,NA,N,-1.0,-1.0,-1.0,-1.0,-1.0,-1.0,10115
F,ASIAN,NOT HISPANIC OR LATINO,GBR,ACTIVE,18-64,N,N,NA,N,-1.0,-1.0,-1.0,-1.0,-1.0,-1.0,94527
F,ASIAN,NOT HISPANIC OR LATINO,GBR,ACTIVE,18-64,N,N,NA,N,-1.0,-1.0,-1.0,-1.0,-1.0,-1.0,40563
F,ASIAN,NOT HISPANIC OR LATINO,GBR,ACTIVE,18-64,N,N,NA,N,-1.0,-1.0,-1.0,-1.0,-1.0,-1.0,79255
F,OTHER,NOT HISPANIC OR LATINO,GBR,ACTIVE,18-64,N,N,NA,N,-1.0,-1.0,-1.0,-1.0,-1.0,-1.0,35756
F,ASIAN,NOT HISPANIC OR LATINO,FRA,ACTIVE,18-64,N,N,UNK,N,-1.0,-1.0,-1.0,-1.0,-1.0,-1.0,51965
F,ASIAN,NOT HISPANIC OR LATINO,FRA,ACTIVE,18-64,N,N,NA,N,-1.0,-1.0,-1.0,-1.0,-1.0,-1.0,19143
F,ASIAN,NOT HISPANIC OR LATINO,GBR,ACTIVE,18-64,N,N,NA,N,-1.0,-1.0,-1.0,-1.0,-1.0,-1.0,33545
F,ASIAN,NOT HISPANIC OR LATINO,FRA,ACTIVE,18-64,N,N,NA,N,-1.0,-1.0,-1.0,-1.0,-1.0,-1.0,55028
F,ASIAN,NOT HISPANIC OR LATINO,GBR,ACTIVE,18-64,N,N,UNK,N,-1.0,-1.0,-1.0,-1.0,-1.0,-1.0,80585
F,ASIAN,NOT HISPANIC OR LATINO,FRA,ACTIVE,18-64,N,N,UNK,N,-1.0,-1.0,-1.0,-1.0,-1.0,-1.0,5707
F,OTHER,NOT HISPANIC OR LATINO,FRA,ACTIVE,18-64,N,N,NA,N,-1.0,-1.0,-1.0,-1.0,-1.0,-1.0,17487
F,OTHER,NOT HISPANIC OR LATINO,FRA,ACTIVE,18-64,N,N,NA,N,-1.0,-1.0,-1.0,-1.0,-1.0,-1.0,4848
F,ASIAN,NOT HISPANIC OR LATINO,FRA,ACTIVE,18-64,N,N,UNK,N,-1.0,-1.0,-1.0,-1.0,-1.0,-1.0,4800
F,OTHER,NOT HISPANIC OR LATINO,FRA,ACTIVE,18-64,N,N,UNK,N,-1.0,-1.0,-1.0,-1.0,-1.0,-1.0,97427
F,OTHER,NOT HISPANIC OR LATINO,FRA,ACTIVE,18-64,N,N,NA,N,-1.0,-1.0,-1.0,-1.0,-1.0,-1.0,10346
F,ASIAN,NOT HISPANIC OR LATINO,GBR,ACTIVE,18-64,N,N,UNK,N,-1.0,-1.0,-1.0,-1.0,-1.0,-1.0,78987
F,ASIAN,NOT HISPANIC OR LATINO,GBR,ACTIVE,18-64,N,N,UNK,N,-1.0,-1.0,-1.0,-1.0,-1.0,-1.0,9836
F,OTHER,NOT HISPANIC OR LATINO,FRA,ACTIVE,18-64,N,N,NA,N,-1.0,-1.0,-1.0,-1.0,-1.0,-1.0,84563
F,OTHER,NOT HISPANIC OR LATINO,FRA,ACTIVE,18-64,N,N,UNK,N,-1.0,-1.0,-1.0,-1.0,-1.0,-1.0,75226
F,OTHER,NOT HISPANIC OR LATINO,GBR,ACTIVE,18-64,N,N,NA,N,-1.0,-1.0,-1.0,-1.0,-1.0,-1.0,67862
F,ASIAN,NOT HISPANIC OR LATINO,GBR,ACTIVE,18-64,N,N,NA,N,-1.0,-1.0,-1.0,-1.0,-1.0,-1.0,17791
F,OTHER,NOT HISPANIC OR LATINO,GBR,ACTIVE,18-64,N,N,UNK,N,-1.0,-1.0,-1.0,-1.0,-1.0,-1.0,20645
F,OTHER,NOT HISPANIC OR LATINO,FRA,ACTIVE,18-64,N,N,NA,N,-1.0,-1.0,-1.0,-1.0,-1.0,-1.0,72617
F,OTHER,NOT HISPANIC OR LATINO,FRA,ACTIVE,18-64,N,N,UNK,N,-1.0,-1.0,-1.0,-1.0,-1.0,-1.0,75354
F,ASIAN,NOT HISPANIC OR LATINO,FRA,ACTIVE,18-64,N,N,NA,N,-1.0,-1.0,-1.0,-1.0,-1.0,-1.0,56705
F,ASIAN,NOT HISPANIC OR LATINO,GBR,ACTIVE,18-64,N,N,UNK,N,-1.0,-1.0,-1.0,-1.0,-1.0,-1.0,10337
F,ASIAN,NOT HISPANIC OR LATINO,FRA,ACTIVE,18-64,N,N,NA,N,-1.0,-1.0,-1.0,-1.0,-1.0,-1.0,73875
F,ASIAN,NOT HISPANIC OR LATINO,FRA,ACTIVE,18-64,N,N,UNK,N,-1.0,-1.0,-1.0,-1.0,-1.0,-1.0,84137
F,OTHER,NOT HISPANIC OR LATINO,GBR,ACTIVE,18-64,N,N,NA,N,-1.0,-1.0,-1.0,-1.0,-1.0,-1.0,54477
F,OTHER,NOT HISPANIC OR LATINO,GBR,ACTIVE,18-64,N,N,UNK,N,-1.0,-1.0,-1.0,-1.0,-1.0,-1.0,99702
F,ASIAN,NOT HISPANIC OR LATINO,FRA,ACTIVE,18-64,N,N,NA,N,-1.0,-1.0,-1.0,-1.0,-1.0,-1.0,12690
F,OTHER,NOT HISPANIC OR LATINO,GBR,ACTIVE,18-64,N,N,NA,N,-1.0,-1.0,-1.0,-1.0,-1.0,-1.0,65309
F,OTHER,NOT HISPANIC OR LATINO,GBR,ACTIVE,18-64,N,N,NA,N,-1.0,-1.0,-1.0,-1.0,-1.0,-1.0,76461
F,ASIAN,NOT HISPANIC OR LATINO,GBR,ACTIVE,18-64,N,N,NA,N,-1.0,-1.0,-1.0,-1.0,-1.0,-1.0,17556
F,OTHER,NOT HISPANIC OR LATINO,GBR,ACTIVE,18-64,N,N,UNK,N,-1.0,-1.0,-1.0,-1.0,-1.0,-1.0,9638
F,OTHER,NOT HISPANIC OR LATINO,FRA,ACTIVE,18-64,N,N,UNK,N,-1.0,-1.0,-1.0,-1.0,-1.0,-1.0,98955
F,ASIAN,NOT HISPANIC OR LATINO,FRA,ACTIVE,18-64,N,N,UNK,N,-1.0,-1.0,-1.0,-1.0,-1.0,-1.0,19522
F,OTHER,NOT HISPANIC OR LATINO,FRA,ACTIVE,18-64,N,N,UNK,N,-1.0,-1.0,-1.0,-1.0,-1.0,-1.0,2181
F,OTHER,NOT HISPANIC OR LATINO,GBR,ACTIVE,18-64,N,N,NA,N,-1.0,-1.0,-1.0,-1.0,-1.0,-1.0,76484
F,ASIAN,NOT HISPANIC OR LATINO,FRA,ACTIVE,18-64,N,N,NA,N,-1.0,-1.0,-1.0,-1.0,-1.0,-1.0,41117
F,ASIAN,NOT HISPANIC OR LATINO,FRA,ACTIVE,18-64,N,N,NA,N,-1.0,-1.0,-1.0,-1.0,-1.0,-1.0,86800
F,OTHER,NOT HISPANIC OR LATINO,FRA,ACTIVE,18-64,N,N,UNK,N,-1.0,-1.0,-1.0,-1.0,-1.0,-1.0,32312
F,OTHER,NOT HISPANIC OR LATINO,GBR,ACTIVE,18-64,N,N,UNK,N,-1.0,-1.0,-1.0,-1.0,-1.0,-1.0,73465
F,OTHER,NOT HISPANIC OR LATINO,GBR,ACTIVE,18-64,N,N,NA,N,-1.0,-1.0,-1.0,-1.0,-1.0,-1.0,93604
F,OTHER,NOT HISPANIC OR LATINO,GBR,ACTIVE,18-64,N,N,UNK,N,-1.0,-1.0,-1.0,-1.0,-1.0,-1.0,14317
F,ASIAN,NOT HISPANIC OR LATINO,FRA,ACTIVE,18-64,N,N,UNK,N,-1.0,-1.0,-1.0,-1.0,-1.0,-1.0,13179
F,ASIAN,NOT HISPANIC OR LATINO,GBR,ACTIVE,18-64,N,N,UNK,N,-1.0,-1.0,-1.0,-1.0,-1.0,-1.0,84660
F,ASIAN,NOT HISPANIC OR LATINO,FRA,ACTIVE,18-64,N,N,UNK,N,-1.0,-1.0,-1.0,-1.0,-1.0,-1.0,24421
F,ASIAN,NOT HISPANIC OR LATINO,GBR,ACTIVE,18-64,N,N,UNK,N,-1.0,-1.0,-1.0,-1.0,-1.0,-1.0,66089
F,OTHER,NOT HISPANIC OR LATINO,FRA,ACTIVE,18-64,N,N,NA,N,-1.0,-1.0,-1.0,-1.0,-1.0,-1.0,96550
F,OTHER,NOT HISPANIC OR LATINO,FRA,ACTIVE,18-64,N,N,UNK,N,-1.0,-1.0,-1.0,-1.0,-1.0,-1.0,24220
F,OTHER,NOT HISPANIC OR LATINO,FRA,ACTIVE,18-64,N,N,UNK,N,-1.0,-1.0,-1.0,-1.0,-1.0,-1.0,43205
F,ASIAN,NOT HISPANIC OR LATINO,GBR,ACTIVE,18-64,N,N,UNK,N,-1.0,-1.0,-1.0,-1.0,-1.0,-1.0,53139
F,ASIAN,NOT HISPANIC OR LATINO,GBR,ACTIVE,18-64,N,N,NA,N,-1.0,-1.0,-1.0,-1.0,-1.0,-1.0,98008
F,OTHER,NOT HISPANIC OR LATINO,FRA,ACTIVE,18-64,N,N,NA,N,-1.0,-1.0,-1.0,-1.0,-1.0,-1.0,8095
F,ASIAN,NOT HISPANIC OR LATINO,GBR,ACTIVE,18-64,N,N,NA,N,-1.0,-1.0,-1.0,-1.0,-1.0,-1.0,7293
F,ASIAN,NOT HISPANIC OR LATINO,GBR,ACTIVE,18-64,N,N,UNK,N,-1.0,-1.0,-1.0,-1.0,-1.0,-1.0,396
F,ASIAN,NOT HISPANIC OR LATINO,GBR,ACTIVE,18-64,N,N,UNK,N,-1.0,-1.0,-1.0,-1.0,-1.0,-1.0,37630
F,ASIAN,NOT HISPANIC OR LATINO,GBR,ACTIVE,18-64,N,N,UNK,N,-1.0,-1.0,-1.0,-1.0,-1.0,-1.0,89487
F,OTHER,NOT HISPANIC OR LATINO,FRA,ACTIVE,18-64,N,N,NA,N,-1.0,-1.0,-1.0,-1.0,-1.0,-1.0,60687
F,OTHER,NOT HISPANIC OR LATINO,FRA,ACTIVE,18-64,N,N,NA,N,-1.0,-1.0,-1.0,-1.0,-1.0,-1.0,4223
F,ASIAN,NOT HISPANIC OR LATINO,FRA,ACTIVE,18-64,N,N,NA,N,-1.0,-1.0,-1.0,-1.0,-1.0,-1.0,97065
F,OTHER,NOT HISPANIC OR LATINO,FRA,ACTIVE,18-64,N,N,NA,N,-1.0,-1.0,-1.0,-1.0,-1.0,-1.0,75691
F,ASIAN,NOT HISPANIC OR LATINO,FRA,ACTIVE,18-64,N,N,NA,N,-1.0,-1.0,-1.0,-1.0,-1.0,-1.0,82051
F,OTHER,NOT HISPANIC OR LATINO,GBR,ACTIVE,18-64,N,N,NA,N,-1.0,-1.0,-1.0,-1.0,-1.0,-1.0,49344
F,OTHER,NOT HISPANIC OR LATINO,FRA,ACTIVE,18-64,N,N,UNK,N,-1.0,-1.0,-1.0,-1.0,-1.0,-1.0,73045
F,OTHER,NOT HISPANIC OR LATINO,GBR,ACTIVE,18-64,N,N,UNK,N,-1.0,-1.0,-1.0,-1.0,-1.0,-1.0,70207
F,ASIAN,NOT HISPANIC OR LATINO,GBR,ACTIVE,18-64,N,N,UNK,N,-1.0,-1.0,-1.0,-1.0,-1.0,-1.0,43643
F,ASIAN,NOT HISPANIC OR LATINO,FRA,ACTIVE,18-64,N,N,UNK,N,-1.0,-1.0,-1.0,-1.0,-1.0,-1.0,72363
F,OTHER,NOT HISPANIC OR LATINO,GBR,ACTIVE,18-64,N,N,UNK,N,-1.0,-1.0,-1.0,-1.0,-1.0,-1.0,12925
F,OTHER,NOT HISPANIC OR LATINO,GBR,ACTIVE,18-64,N,N,NA,N,-1.0,-1.0,-1.0,-1.0,-1.0,-1.0,34181
F,OTHER,NOT HISPANIC OR LATINO,FRA,ACTIVE,18-64,N,N,UNK,N,-1.0,-1.0,-1.0,-1.0,-1.0,-1.0,33729
F,OTHER,NOT HISPANIC OR LATINO,FRA,ACTIVE,18-64,N,N,NA,N,-1.0,-1.0,-1.0,-1.0,-1.0,-1.0,68675
F,ASIAN,NOT HISPANIC OR LATINO,FRA,ACTIVE,18-64,N,N,NA,N,-1.0,-1.0,-1.0,-1.0,-1.0,-1.0,28669
F,OTHER,NOT HISPANIC OR LATINO,GBR,ACTIVE,18-64,N,N,NA,N,-1.0,-1.0,-1.0,-1.0,-1.0,-1.0,69392
F,OTHER,NOT HISPANIC OR LATINO,GBR,ACTIVE,18-64,N,N,NA,N,-1.0,-1.0,-1.0,-1.0,-1.0,-1.0,81236
F,OTHER,NOT HISPANIC OR LATINO,GBR,ACTIVE,18-64,N,N,NA,N,-1.0,-1.0,-1.0,-1.0,-1.0,-1.0,39319
F,ASIAN,NOT HISPANIC OR LATINO,GBR,ACTIVE,18-64,N,N,NA,N,-1.0,-1.0,-1.0,-1.0,-1.0,-1.0,10838
F,OTHER,NOT HISPANIC OR LATINO,FRA,ACTIVE,18-64,N,N,UNK,N,-1.0,-1.0,-1.0,-1.0,-1.0,-1.0,9745
F,ASIAN,NOT HISPANIC OR LATINO,GBR,ACTIVE,18-64,N,N,NA,N,-1.0,-1.0,-1.0,-1.0,-1.0,-1.0,21293
F,OTHER,NOT HISPANIC OR LATINO,GBR,ACTIVE,18-64,N,N,NA,N,-1.0,-1.0,-1.0,-1.0,-1.0,-1.0,30428
F,OTHER,NOT HISPANIC OR LATINO,GBR,ACTIVE,18-64,N,N,NA,N,-1.0,-1.0,-1.0,-1.0,-1.0,-1.0,72488
F,OTHER,NOT HISPANIC OR LATINO,GBR,ACTIVE,18-64,N,N,NA,N,-1.0,-1.0,-1.0,-1.0,-1.0,-1.0,20215
F,ASIAN,NOT HISPANIC OR LATINO,GBR,ACTIVE,18-64,N,N,UNK,N,-1.0,-1.0,-1.0,-1.0,-1.0,-1.0,47176
F,ASIAN,NOT HISPANIC OR LATINO,FRA,ACTIVE,18-64,N,N,NA,N,-1.0,-1.0,-1.0,-1.0,-1.0,-1.0,11747
F,ASIAN,NOT HISPANIC OR LATINO,GBR,ACTIVE,18-64,N,N,NA,N,-1.0,-1.0,-1.0,-1.0,-1.0,-1.0,74968
F,OTHER,NOT HISPANIC OR LATINO,FRA,ACTIVE,18-64,N,N,NA,N,-1.0,-1.0,-1.0,-1.0,-1.0,-1.0,21917
F,OTHER,NOT HISPANIC OR LATINO,GBR,ACTIVE,18-64,N,N,NA,N,-1.0,-1.0,-1.0,-1.0,-1.0,-1.0,77832
F,OTHER,NOT HISPANIC OR LATINO,FRA,ACTIVE,18-64,N,N,UNK,N,-1.0,-1.0,-1.0,-1.0,-1.0,-1.0,57701
F,OTHER,NOT HISPANIC OR LATINO,GBR,ACTIVE,18-64,N,N,NA,N,-1.0,-1.0,-1.0,-1.0,-1.0,-1.0,41831
F,OTHER,NOT HISPANIC OR LATINO,GBR,ACTIVE,18-64,N,N,NA,N,-1.0,-1.0,-1.0,-1.0,-1.0,-1.0,77625
F,ASIAN,NOT HISPANIC OR LATINO,FRA,ACTIVE,18-64,N,N,UNK,N,-1.0,-1.0,-1.0,-1.0,-1.0,-1.0,83013
F,ASIAN,NOT HISPANIC OR LATINO,FRA,ACTIVE,18-64,N,N,UNK,N,-1.0,-1.0,-1.0,-1.0,-1.0,-1.0,70041
F,ASIAN,NOT HISPANIC OR LATINO,FRA,ACTIVE,18-64,N,N,NA,N,-1.0,-1.0,-1.0,-1.0,-1.0,-1.0,98656
F,OTHER,NOT HISPANIC OR LATINO,FRA,ACTIVE,18-64,N,N,UNK,N,-1.0,-1.0,-1.0,-1.0,-1.0,-1.0,51267
F,ASIAN,NOT HISPANIC OR LATINO,FRA,ACTIVE,18-64,N,N,NA,N,-1.0,-1.0,-1.0,-1.0,-1.0,-1.0,95703
F,OTHER,NOT HISPANIC OR LATINO,GBR,ACTIVE,18-64,N,N,UNK,N,-1.0,-1.0,-1.0,-1.0,-1.0,-1.0,57432
F,OTHER,NOT HISPANIC OR LATINO,GBR,ACTIVE,18-64,N,N,NA,N,-1.0,-1.0,-1.0,-1.0,-1.0,-1.0,97058
F,ASIAN,NOT HISPANIC OR LATINO,GBR,ACTIVE,18-64,N,N,NA,N,-1.0,-1.0,-1.0,-1.0,-1.0,-1.0,83949
F,OTHER,NOT HISPANIC OR LATINO,FRA,ACTIVE,18-64,N,N,NA,N,-1.0,-1.0,-1.0,-1.0,-1.0,-1.0,36484
F,ASIAN,NOT HISPANIC OR LATINO,GBR,ACTIVE,18-64,N,N,UNK,N,-1.0,-1.0,-1.0,-1.0,-1.0,-1.0,69169
F,OTHER,NOT HISPANIC OR LATINO,FRA,ACTIVE,18-64,N,N,UNK,N,-1.0,-1.0,-1.0,-1.0,-1.0,-1.0,88095
F,OTHER,NOT HISPANIC OR LATINO,FRA,ACTIVE,18-64,N,N,NA,N,-1.0,-1.0,-1.0,-1.0,-1.0,-1.0,54820
F,OTHER,NOT HISPANIC OR LATINO,FRA,ACTIVE,18-64,N,N,UNK,N,-1.0,-1.0,-1.0,-1.0,-1.0,-1.0,24524
F,OTHER,NOT HISPANIC OR LATINO,GBR,ACTIVE,18-64,N,N,UNK,N,-1.0,-1.0,-1.0,-1.0,-1.0,-1.0,53627
F,OTHER,NOT HISPANIC OR LATINO,GBR,ACTIVE,18-64,N,N,UNK,N,-1.0,-1.0,-1.0,-1.0,-1.0,-1.0,36026
F,OTHER,NOT HISPANIC OR LATINO,GBR,ACTIVE,18-64,N,N,UNK,N,-1.0,-1.0,-1.0,-1.0,-1.0,-1.0,99616
F,ASIAN,NOT HISPANIC OR LATINO,FRA,ACTIVE,18-64,N,N,UNK,N,-1.0,-1.0,-1.0,-1.0,-1.0,-1.0,11402
F,ASIAN,NOT HISPANIC OR LATINO,FRA,ACTIVE,18-64,N,N,NA,N,-1.0,-1.0,-1.0,-1.0,-1.0,-1.0,7781
F,OTHER,NOT HISPANIC OR LATINO,GBR,ACTIVE,18-64,N,N,NA,N,-1.0,-1.0,-1.0,-1.0,-1.0,-1.0,7771
F,ASIAN,NOT HISPANIC OR LATINO,FRA,ACTIVE,18-64,N,N,UNK,N,-1.0,-1.0,-1.0,-1.0,-1.0,-1.0,75685
F,OTHER,NOT HISPANIC OR LATINO,GBR,ACTIVE,18-64,N,N,UNK,N,-1.0,-1.0,-1.0,-1.0,-1.0,-1.0,63969
F,ASIAN,NOT HISPANIC OR LATINO,GBR,ACTIVE,18-64,N,N,UNK,N,-1.0,-1.0,-1.0,-1.0,-1.0,-1.0,64844
F,OTHER,NOT HISPANIC OR LATINO,GBR,ACTIVE,18-64,N,N,NA,N,-1.0,-1.0,-1.0,-1.0,-1.0,-1.0,82075
F,ASIAN,NOT HISPANIC OR LATINO,FRA,ACTIVE,18-64,N,N,NA,N,-1.0,-1.0,-1.0,-1.0,-1.0,-1.0,85197
F,ASIAN,NOT HISPANIC OR LATINO,FRA,ACTIVE,18-64,N,N,NA,N,-1.0,-1.0,-1.0,-1.0,-1.0,-1.0,51950
F,ASIAN,NOT HISPANIC OR LATINO,FRA,ACTIVE,18-64,N,N,NA,N,-1.0,-1.0,-1.0,-1.0,-1.0,-1.0,77815
F,OTHER,NOT HISPANIC OR LATINO,FRA,ACTIVE,18-64,N,N,UNK,N,-1.0,-1.0,-1.0,-1.0,-1.0,-1.0,30009
F,ASIAN,NOT HISPANIC OR LATINO,FRA,ACTIVE,18-64,N,N,UNK,N,-1.0,-1.0,-1.0,-1.0,-1.0,-1.0,84093
F,ASIAN,NOT HISPANIC OR LATINO,FRA,ACTIVE,18-64,N,N,UNK,N,-1.0,-1.0,-1.0,-1.0,-1.0,-1.0,28475
F,ASIAN,NOT HISPANIC OR LATINO,FRA,ACTIVE,18-64,N,N,NA,N,-1.0,-1.0,-1.0,-1.0,-1.0,-1.0,36303
F,ASIAN,NOT HISPANIC OR LATINO,FRA,ACTIVE,18-64,N,N,UNK,N,-1.0,-1.0,-1.0,-1.0,-1.0,-1.0,31371
F,OTHER,NOT HISPANIC OR LATINO,FRA,ACTIVE,18-64,N,N,UNK,N,-1.0,-1.0,-1.0,-1.0,-1.0,-1.0,50704
F,OTHER,NOT HISPANIC OR LATINO,GBR,ACTIVE,18-64,N,N,UNK,N,-1.0,-1.0,-1.0,-1.0,-1.0,-1.0,5221
F,OTHER,NOT HISPANIC OR LATINO,GBR,ACTIVE,18-64,N,N,UNK,N,-1.0,-1.0,-1.0,-1.0,-1.0,-1.0,40621
F,ASIAN,NOT HISPANIC OR LATINO,GBR,ACTIVE,18-64,N,N,NA,N,-1.0,-1.0,-1.0,-1.0,-1.0,-1.0,32045
F,OTHER,NOT HISPANIC OR LATINO,GBR,ACTIVE,18-64,N,N,NA,N,-1.0,-1.0,-1.0,-1.0,-1.0,-1.0,91947
F,ASIAN,NOT HISPANIC OR LATINO,GBR,ACTIVE,18-64,N,N,UNK,N,-1.0,-1.0,-1.0,-1.0,-1.0,-1.0,3848
F,OTHER,NOT HISPANIC OR LATINO,FRA,ACTIVE,18-64,N,N,UNK,N,-1.0,-1.0,-1.0,-1.0,-1.0,-1.0,65485
F,OTHER,NOT HISPANIC OR LATINO,GBR,ACTIVE,18-64,N,N,NA,N,-1.0,-1.0,-1.0,-1.0,-1.0,-1.0,32054
F,OTHER,NOT HISPANIC OR LATINO,GBR,ACTIVE,18-64,N,N,NA,N,-1.0,-1.0,-1.0,-1.0,-1.0,-1.0,32541
F,OTHER,NOT HISPANIC OR LATINO,FRA,ACTIVE,18-64,N,N,NA,N,-1.0,-1.0,-1.0,-1.0,-1.0,-1.0,52551
F,OTHER,NOT HISPANIC OR LATINO,GBR,ACTIVE,18-64,N,N,UNK,N,-1.0,-1.0,-1.0,-1.0,-1.0,-1.0,38220
F,ASIAN,NOT HISPANIC OR LATINO,GBR,ACTIVE,18-64,N,N,NA,N,-1.0,-1.0,-1.0,-1.0,-1.0,-1.0,3134
F,OTHER,NOT HISPANIC OR LATINO,GBR,ACTIVE,18-64,N,N,NA,N,-1.0,-1.0,-1.0,-1.0,-1.0,-1.0,55027
F,ASIAN,NOT HISPANIC OR LATINO,GBR,ACTIVE,18-64,N,N,UNK,N,-1.0,-1.0,-1.0,-1.0,-1.0,-1.0,98029
F,ASIAN,NOT HISPANIC OR LATINO,GBR,ACTIVE,18-64,N,N,NA,N,-1.0,-1.0,-1.0,-1.0,-1.0,-1.0,34209
F,OTHER,NOT HISPANIC OR LATINO,GBR,ACTIVE,18-64,N,N,NA,N,-1.0,-1.0,-1.0,-1.0,-1.0,-1.0,76639
F,ASIAN,NOT HISPANIC OR LATINO,FRA,ACTIVE,18-64,N,N,NA,N,-1.0,-1.0,-1.0,-1.0,-1.0,-1.0,27216
F,OTHER,NOT HISPANIC OR LATINO,GBR,ACTIVE,18-64,N,N,NA,N,-1.0,-1.0,-1.0,-1.0,-1.0,-1.0,42965
F,ASIAN,NOT HISPANIC OR LATINO,GBR,ACTIVE,18-64,N,N,NA,N,-1.0,-1.0,-1.0,-1.0,-1.0,-1.0,53005
F,ASIAN,NOT HISPANIC OR LATINO,GBR,ACTIVE,18-64,N,N,NA,N,-1.0,-1.0,-1.0,-1.0,-1.0,-1.0,17134
F,OTHER,NOT HISPANIC OR LATINO,FRA,ACTIVE,18-64,N,N,NA,N,-1.0,-1.0,-1.0,-1.0,-1.0,-1.0,16881
F,OTHER,NOT HISPANIC OR LATINO,FRA,ACTIVE,18-64,N,N,UNK,N,-1.0,-1.0,-1.0,-1.0,-1.0,-1.0,3865
F,OTHER,NOT HISPANIC OR LATINO,GBR,ACTIVE,18-64,N,N,UNK,N,-1.0,-1.0,-1.0,-1.0,-1.0,-1.0,4542
F,OTHER,NOT HISPANIC OR LATINO,GBR,ACTIVE,18-64,N,N,UNK,N,-1.0,-1.0,-1.0,-1.0,-1.0,-1.0,54950
F,ASIAN,NOT HISPANIC OR LATINO,GBR,ACTIVE,18-64,N,N,UNK,N,-1.0,-1.0,-1.0,-1.0,-1.0,-1.0,35447
F,ASIAN,NOT HISPANIC OR LATINO,FRA,ACTIVE,18-64,N,N,UNK,N,-1.0,-1.0,-1.0,-1.0,-1.0,-1.0,20923
F,ASIAN,NOT HISPANIC OR LATINO,GBR,ACTIVE,18-64,N,N,NA,N,-1.0,-1.0,-1.0,-1.0,-1.0,-1.0,31006
F,OTHER,NOT HISPANIC OR LATINO,GBR,ACTIVE,18-64,N,N,NA,N,-1.0,-1.0,-1.0,-1.0,-1.0,-1.0,4976
F,ASIAN,NOT HISPANIC OR LATINO,FRA,ACTIVE,18-64,N,N,NA,N,-1.0,-1.0,-1.0,-1.0,-1.0,-1.0,44664
F,OTHER,NOT HISPANIC OR LATINO,FRA,ACTIVE,18-64,N,N,NA,N,-1.0,-1.0,-1.0,-1.0,-1.0,-1.0,92346
F,ASIAN,NOT HISPANIC OR LATINO,GBR,ACTIVE,18-64,N,N,UNK,N,-1.0,-1.0,-1.0,-1.0,-1.0,-1.0,22834
F,ASIAN,NOT HISPANIC OR LATINO,GBR,ACTIVE,18-64,N,N,NA,N,-1.0,-1.0,-1.0,-1.0,-1.0,-1.0,74382
F,ASIAN,NOT HISPANIC OR LATINO,FRA,ACTIVE,18-64,N,N,NA,N,-1.0,-1.0,-1.0,-1.0,-1.0,-1.0,45458
F,ASIAN,NOT HISPANIC OR LATINO,GBR,ACTIVE,18-64,N,N,NA,N,-1.0,-1.0,-1.0,-1.0,-1.0,-1.0,45939
F,ASIAN,NOT HISPANIC OR LATINO,FRA,ACTIVE,18-64,N,N,UNK,N,-1.0,-1.0,-1.0,-1.0,-1.0,-1.0,49639
F,OTHER,NOT HISPANIC OR LATINO,GBR,ACTIVE,18-64,N,N,NA,N,-1.0,-1.0,-1.0,-1.0,-1.0,-1.0,2632
F,OTHER,NOT HISPANIC OR LATINO,FRA,ACTIVE,18-64,N,N,NA,N,-1.0,-1.0,-1.0,-1.0,-1.0,-1.0,44296
F,ASIAN,NOT HISPANIC OR LATINO,FRA,ACTIVE,18-64,N,N,UNK,N,-1.0,-1.0,-1.0,-1.0,-1.0,-1.0,24902
F,OTHER,NOT HISPANIC OR LATINO,GBR,ACTIVE,18-64,N,N,UNK,N,-1.0,-1.0,-1.0,-1.0,-1.0,-1.0,7145
F,ASIAN,NOT HISPANIC OR LATINO,FRA,ACTIVE,18-64,N,N,NA,N,-1.0,-1.0,-1.0,-1.0,-1.0,-1.0,22392
F,ASIAN,NOT HISPANIC OR LATINO,FRA,ACTIVE,18-64,N,N,UNK,N,-1.0,-1.0,-1.0,-1.0,-1.0,-1.0,84131
F,ASIAN,NOT HISPANIC OR LATINO,GBR,ACTIVE,18-64,N,N,UNK,N,-1.0,-1.0,-1.0,-1.0,-1.0,-1.0,60957
F,ASIAN,NOT HISPANIC OR LATINO,FRA,ACTIVE,18-64,N,N,UNK,N,-1.0,-1.0,-1.0,-1.0,-1.0,-1.0,72562
F,OTHER,NOT HISPANIC OR LATINO,GBR,ACTIVE,18-64,N,N,UNK,N,-1.0,-1.0,-1.0,-1.0,-1.0,-1.0,65812
F,ASIAN,NOT HISPANIC OR LATINO,FRA,ACTIVE,18-64,N,N,NA,N,-1.0,-1.0,-1.0,-1.0,-1.0,-1.0,10272
F,ASIAN,NOT HISPANIC OR LATINO,GBR,ACTIVE,18-64,N,N,UNK,N,-1.0,-1.0,-1.0,-1.0,-1.0,-1.0,36203
F,ASIAN,NOT HISPANIC OR LATINO,FRA,ACTIVE,18-64,N,N,NA,N,-1.0,-1.0,-1.0,-1.0,-1.0,-1.0,37499
F,OTHER,NOT HISPANIC OR LATINO,GBR,ACTIVE,18-64,N,N,UNK,N,-1.0,-1.0,-1.0,-1.0,-1.0,-1.0,18856
F,ASIAN,NOT HISPANIC OR LATINO,GBR,ACTIVE,18-64,N,N,UNK,N,-1.0,-1.0,-1.0,-1.0,-1.0,-1.0,44285
F,OTHER,NOT HISPANIC OR LATINO,GBR,ACTIVE,18-64,N,N,UNK,N,-1.0,-1.0,-1.0,-1.0,-1.0,-1.0,35314
F,ASIAN,NOT HISPANIC OR LATINO,GBR,ACTIVE,18-64,N,N,NA,N,-1.0,-1.0,-1.0,-1.0,-1.0,-1.0,8601
F,OTHER,NOT HISPANIC OR LATINO,FRA,ACTIVE,18-64,N,N,NA,N,-1.0,-1.0,-1.0,-1.0,-1.0,-1.0,59828
F,OTHER,NOT HISPANIC OR LATINO,GBR,ACTIVE,18-64,N,N,NA,N,-1.0,-1.0,-1.0,-1.0,-1.0,-1.0,48820
F,OTHER,NOT HISPANIC OR LATINO,GBR,ACTIVE,18-64,N,N,NA,N,-1.0,-1.0,-1.0,-1.0,-1.0,-1.0,3598
F,ASIAN,NOT HISPANIC OR LATINO,FRA,ACTIVE,18-64,N,N,UNK,N,-1.0,-1.0,-1.0,-1.0,-1.0,-1.0,89418
F,OTHER,NOT HISPANIC OR LATINO,FRA,ACTIVE,18-64,N,N,UNK,N,-1.0,-1.0,-1.0,-1.0,-1.0,-1.0,49346
F,OTHER,NOT HISPANIC OR LATINO,FRA,ACTIVE,18-64,N,N,NA,N,-1.0,-1.0,-1.0,-1.0,-1.0,-1.0,73592
F,OTHER,NOT HISPANIC OR LATINO,GBR,ACTIVE,18-64,N,N,UNK,N,-1.0,-1.0,-1.0,-1.0,-1.0,-1.0,85999
F,ASIAN,NOT HISPANIC OR LATINO,FRA,ACTIVE,18-64,N,N,NA,N,-1.0,-1.0,-1.0,-1.0,-1.0,-1.0,38746
F,OTHER,NOT HISPANIC OR LATINO,GBR,ACTIVE,18-64,N,N,UNK,N,-1.0,-1.0,-1.0,-1.0,-1.0,-1.0,66495
F,ASIAN,NOT HISPANIC OR LATINO,GBR,ACTIVE,18-64,N,N,NA,N,-1.0,-1.0,-1.0,-1.0,-1.0,-1.0,85779
F,ASIAN,NOT HISPANIC OR LATINO,FRA,ACTIVE,18-64,N,N,UNK,N,-1.0,-1.0,-1.0,-1.0,-1.0,-1.0,60787
F,OTHER,NOT HISPANIC OR LATINO,FRA,ACTIVE,18-64,N,N,UNK,N,-1.0,-1.0,-1.0,-1.0,-1.0,-1.0,7087
F,ASIAN,NOT HISPANIC OR LATINO,GBR,ACTIVE,18-64,N,N,NA,N,-1.0,-1.0,-1.0,-1.0,-1.0,-1.0,63909
F,ASIAN,NOT HISPANIC OR LATINO,FRA,ACTIVE,18-64,N,N,NA,N,-1.0,-1.0,-1.0,-1.0,-1.0,-1.0,64170
F,ASIAN,NOT HISPANIC OR LATINO,GBR,ACTIVE,18-64,N,N,NA,N,-1.0,-1.0,-1.0,-1.0,-1.0,-1.0,69964
F,OTHER,NOT HISPANIC OR LATINO,GBR,ACTIVE,18-64,N,N,NA,N,-1.0,-1.0,-1.0,-1.0,-1.0,-1.0,40907
F,ASIAN,NOT HISPANIC OR LATINO,GBR,ACTIVE,18-64,N,N,UNK,N,-1.0,-1.0,-1.0,-1.0,-1.0,-1.0,95399
F,OTHER,NOT HISPANIC OR LATINO,GBR,ACTIVE,18-64,N,N,UNK,N,-1.0,-1.0,-1.0,-1.0,-1.0,-1.0,29940
F,ASIAN,NOT HISPANIC OR LATINO,FRA,ACTIVE,18-64,N,N,UNK,N,-1.0,-1.0,-1.0,-1.0,-1.0,-1.0,70089
F,ASIAN,NOT HISPANIC OR LATINO,FRA,ACTIVE,18-64,N,N,UNK,N,-1.0,-1.0,-1.0,-1.0,-1.0,-1.0,71734
F,OTHER,NOT HISPANIC OR LATINO,FRA,ACTIVE,18-64,N,N,UNK,N,-1.0,-1.0,-1.0,-1.0,-1.0,-1.0,54897
F,ASIAN,NOT HISPANIC OR LATINO,FRA,ACTIVE,18-64,N,N,UNK,N,-1.0,-1.0,-1.0,-1.0,-1.0,-1.0,46914
F,OTHER,NOT HISPANIC OR LATINO,FRA,ACTIVE,18-64,N,N,NA,N,-1.0,-1.0,-1.0,-1.0,-1.0,-1.0,1672
F,ASIAN,NOT HISPANIC OR LATINO,FRA,ACTIVE,18-64,N,N,NA,N,-1.0,-1.0,-1.0,-1.0,-1.0,-1.0,38801
F,OTHER,NOT HISPANIC OR LATINO,FRA,ACTIVE,18-64,N,N,UNK,N,-1.0,-1.0,-1.0,-1.0,-1.0,-1.0,96802
F,ASIAN,NOT HISPANIC OR LATINO,FRA,ACTIVE,18-64,N,N,UNK,N,-1.0,-1.0,-1.0,-1.0,-1.0,-1.0,96085
F,OTHER,NOT HISPANIC OR LATINO,FRA,ACTIVE,18-64,N,N,UNK,N,-1.0,-1.0,-1.0,-1.0,-1.0,-1.0,90427
F,OTHER,NOT HISPANIC OR LATINO,FRA,ACTIVE,18-64,N,N,UNK,N,-1.0,-1.0,-1.0,-1.0,-1.0,-1.0,74573
F,ASIAN,NOT HISPANIC OR LATINO,GBR,ACTIVE,18-64,N,N,NA,N,-1.0,-1.0,-1.0,-1.0,-1.0,-1.0,57762
F,ASIAN,NOT HISPANIC OR LATINO,GBR,ACTIVE,18-64,N,N,UNK,N,-1.0,-1.0,-1.0,-1.0,-1.0,-1.0,63168
F,OTHER,NOT HISPANIC OR LATINO,FRA,ACTIVE,18-64,N,N,NA,N,-1.0,-1.0,-1.0,-1.0,-1.0,-1.0,98492
F,OTHER,NOT HISPANIC OR LATINO,GBR,ACTIVE,18-64,N,N,UNK,N,-1.0,-1.0,-1.0,-1.0,-1.0,-1.0,10333
F,OTHER,NOT HISPANIC OR LATINO,FRA,ACTIVE,18-64,N,N,UNK,N,-1.0,-1.0,-1.0,-1.0,-1.0,-1.0,13454
F,OTHER,NOT HISPANIC OR LATINO,FRA,ACTIVE,18-64,N,N,UNK,N,-1.0,-1.0,-1.0,-1.0,-1.0,-1.0,7114
F,OTHER,NOT HISPANIC OR LATINO,GBR,ACTIVE,18-64,N,N,NA,N,-1.0,-1.0,-1.0,-1.0,-1.0,-1.0,44743
F,OTHER,NOT HISPANIC OR LATINO,FRA,ACTIVE,18-64,N,N,UNK,N,-1.0,-1.0,-1.0,-1.0,-1.0,-1.0,33331
F,ASIAN,NOT HISPANIC OR LATINO,GBR,ACTIVE,18-64,N,N,NA,N,-1.0,-1.0,-1.0,-1.0,-1.0,-1.0,6095
F,OTHER,NOT HISPANIC OR LATINO,FRA,ACTIVE,18-64,N,N,UNK,N,-1.0,-1.0,-1.0,-1.0,-1.0,-1.0,90678
F,ASIAN,NOT HISPANIC OR LATINO,GBR,ACTIVE,18-64,N,N,UNK,N,-1.0,-1.0,-1.0,-1.0,-1.0,-1.0,44940
F,OTHER,NOT HISPANIC OR LATINO,FRA,ACTIVE,18-64,N,N,NA,N,-1.0,-1.0,-1.0,-1.0,-1.0,-1.0,81811
F,OTHER,NOT HISPANIC OR LATINO,FRA,ACTIVE,18-64,N,N,UNK,N,-1.0,-1.0,-1.0,-1.0,-1.0,-1.0,55364
F,ASIAN,NOT HISPANIC OR LATINO,GBR,ACTIVE,18-64,N,N,UNK,N,-1.0,-1.0,-1.0,-1.0,-1.0,-1.0,37568
F,ASIAN,NOT HISPANIC OR LATINO,GBR,ACTIVE,18-64,N,N,NA,N,-1.0,-1.0,-1.0,-1.0,-1.0,-1.0,97310
F,ASIAN,NOT HISPANIC OR LATINO,FRA,ACTIVE,18-64,N,N,NA,N,-1.0,-1.0,-1.0,-1.0,-1.0,-1.0,97475
F,ASIAN,NOT HISPANIC OR LATINO,FRA,ACTIVE,18-64,N,N,UNK,N,-1.0,-1.0,-1.0,-1.0,-1.0,-1.0,89478
F,ASIAN,NOT HISPANIC OR LATINO,FRA,ACTIVE,18-64,N,N,UNK,N,-1.0,-1.0,-1.0,-1.0,-1.0,-1.0,21094
F,ASIAN,NOT HISPANIC OR LATINO,GBR,ACTIVE,18-64,N,N,NA,N,-1.0,-1.0,-1.0,-1.0,-1.0,-1.0,64298
F,ASIAN,NOT HISPANIC OR LATINO,FRA,ACTIVE,18-64,N,N,UNK,N,-1.0,-1.0,-1.0,-1.0,-1.0,-1.0,45797
F,ASIAN,NOT HISPANIC OR LATINO,GBR,ACTIVE,18-64,N,N,NA,N,-1.0,-1.0,-1.0,-1.0,-1.0,-1.0,87680
F,OTHER,NOT HISPANIC OR LATINO,FRA,ACTIVE,18-64,N,N,UNK,N,-1.0,-1.0,-1.0,-1.0,-1.0,-1.0,70810
F,ASIAN,NOT HISPANIC OR LATINO,GBR,ACTIVE,18-64,N,N,UNK,N,-1.0,-1.0,-1.0,-1.0,-1.0,-1.0,12578
F,ASIAN,NOT HISPANIC OR LATINO,FRA,ACTIVE,18-64,N,N,UNK,N,-1.0,-1.0,-1.0,-1.0,-1.0,-1.0,97897
F,ASIAN,NOT HISPANIC OR LATINO,GBR,ACTIVE,18-64,N,N,NA,N,-1.0,-1.0,-1.0,-1.0,-1.0,-1.0,73150
F,ASIAN,NOT HISPANIC OR LATINO,GBR,ACTIVE,18-64,N,N,UNK,N,-1.0,-1.0,-1.0,-1.0,-1.0,-1.0,51053
F,ASIAN,NOT HISPANIC OR LATINO,FRA,ACTIVE,18-64,N,N,UNK,N,-1.0,-1.0,-1.0,-1.0,-1.0,-1.0,36900
F,OTHER,NOT HISPANIC OR LATINO,FRA,ACTIVE,18-64,N,N,UNK,N,-1.0,-1.0,-1.0,-1.0,-1.0,-1.0,83106
F,OTHER,NOT HISPANIC OR LATINO,FRA,ACTIVE,18-64,N,N,UNK,N,-1.0,-1.0,-1.0,-1.0,-1.0,-1.0,39937
F,OTHER,NOT HISPANIC OR LATINO,GBR,ACTIVE,18-64,N,N,UNK,N,-1.0,-1.0,-1.0,-1.0,-1.0,-1.0,15024
