projects_completed,intership_experience,placement,IQ,prev_sem_result,accademic_performance,communication_skills,CGPA
2,false,false,259.117,16.5522,7,2,7.87
1,false,true,256.375,15.872,0,5,7.76
1,true,true,265.596,0.790141,6,0,4.81
5,true,false,259.816,0.905577,1,7,8.11
5,false,true,204.709,6.20567,7,5,6.9
1,false,true,170.434,12.2201,3,3,9.79
3,true,true,105.514,18.5447,4,3,7.77
1,false,true,93.1062,12.5919,5,6,6.09
1,true,true,85.1945,6.79407,3,3,5.94
1,true,false,153.381,15.013,5,1,9.03
2,true,true,163.665,10.7542,6,7,8.84
1,false,false,59.4368,7.53682,6,7,9.11
3,true,true,53.1621,16.6203,3,4,10.14
1,true,true,174.993,8.38834,5,6,5.76
1,true,false,104.017,13.6353,7,5,8.25
1,true,false,208.401,16.1859,2,6,8.05
