architecture_type,deployment_type,communication_type,num_databases,num_services,request_per_second,avg_payload,memory_utilization_percent,cpu_utilization_percent,network_latency_ms,avg_latency_ms
hybrid,on_prem,sync,1,46,102.177,11.839,87.763,93.799,20.02,1537.914
hybrid,on_prem,sync,1,53,66.623,19.942,85.81,87.25,20.199,397.393
microservices,on_prem,sync,4,54,104.358,14.507,90.978,97.307,9.869,373.009
microservices,on_prem,sync,1,48,103.141,23.137,96.816,90.074,19.079,152.28
hybrid,on_prem,sync,1,40,72.249,3.775,84.042,82.02,7.792,1002.712
microservices,on_prem,sync,1,41,68.774,16.048,89.366,81.844,10.345,843.924
microservices,on_prem,sync,1,54,104.137,13.548,92.489,95.393,23.099,236.47
hybrid,on_prem,sync,1,49,28.778,8.181,84.023,81.161,17.445,349.8
microservices,on_prem,sync,1,51,86.411,11.618,95.669,96.078,15.093,815.147
microservices,on_prem,sync,1,54,108.221,9.354,83.849,84.679,2.18,519.393
hybrid,on_prem,sync,1,48,46.918,23.66,87.007,95.004,9.13,545.875
microservices,on_prem,sync,1,48,55.938,17.997,80.286,90.473,23.584,555.54
hybrid,on_prem,sync,1,46,66.459,3.306,88.579,83.22,1.035,360.086
microservices,on_prem,sync,4,52,92.685,23.133,99.369,87.673,24.575,1479.762
hybrid,on_prem,sync,1,54,97.673,22.115,83.387,90.697,4.743,435.743
hybrid,on_prem,sync,4,56,59.545,19.359,83.029,81.757,11.982,44.837
hybrid,on_prem,sync,1,58,109.259,10.131,86.798,89.877,22.492,255.243
microservices,on_prem,sync,1,47,115.291,15.805,86.578,91.877,10.954,959.393
microservices,on_prem,sync,1,51,94.424,22.294,93.206,84.276,6.459,792.779
hybrid,on_prem,sync,4,50,8.08,2.619,89.967,94.385,22.002,1196.473
hybrid,on_prem,sync,4,43,51.112,23.915,84.887,81.7,10.117,612.023
microservices,on_prem,sync,4,44,103.978,16.573,84.772,86.869,18.27,954.114
hybrid,on_prem,sync,4,41,45.013,18.877,97.333,81.308,21.029,590.059
microservices,on_prem,sync,1,58,124.545,17.008,89.871,82.35,8.277,277.507
hybrid,on_prem,sync,4,46,83.008,23.541,94.083,82.068,20.138,1211.124
hybrid,on_prem,sync,4,55,35.287,24.423,94.221,89.681,10.825,1071.686
microservices,on_prem,sync,4,46,112.558,9.663,89.176,89.189,12.952,430.503
hybrid,on_prem,sync,1,43,54.462,15.146,82.295,80.168,8.028,1250.694
hybrid,on_prem,sync,1,50,79.674,18.292,91.604,95.043,17.0,417.775
hybrid,on_prem,sync,1,40,26.914,21.686,86.915,80.705,11.794,604.802
hybrid,on_prem,sync,4,49,92.657,3.073,88.335,94.319,11.549,855.727
hybrid,on_prem,sync,4,51,67.343,10.092,96.572,87.931,3.69,662.449
microservices,on_prem,sync,1,58,99.01,4.16,90.476,91.8,5.441,450.878
hybrid,on_prem,sync,1,45,61.961,8.225,83.296,95.689,17.415,1042.52
hybrid,on_prem,sync,1,41,33.878,12.209,94.2,98.726,13.637,688.475
microservices,on_prem,sync,4,41,28.582,23.31,80.455,98.03,11.829,144.251
hybrid,on_prem,sync,4,47,79.439,10.599,96.893,80.183,14.735,298.648
microservices,on_prem,sync,1,41,107.145,7.562,84.78,83.688,23.991,706.694
hybrid,on_prem,sync,4,46,82.768,10.784,98.309,97.24,2.246,256.744
microservices,on_prem,sync,4,45,38.282,6.497,92.35,86.772,8.369,409.65
microservices,on_prem,sync,4,43,82.815,3.023,96.268,90.309,1.207,338.746
microservices,on_prem,sync,1,48,98.526,19.441,85.222,98.125,22.108,439.485
hybrid,on_prem,sync,4,59,20.831,22.752,88.24,85.553,22.654,351.089
microservices,on_prem,sync,4,48,72.441,2.733,91.401,91.011,2.795,1086.216
microservices,on_prem,sync,4,56,101.046,10.237,92.743,91.591,11.002,274.199
microservices,on_prem,sync,1,59,36.054,9.332,93.267,89.645,14.243,1273.642
microservices,on_prem,sync,4,45,19.3,18.465,91.288,90.717,10.774,1027.237
microservices,on_prem,sync,4,43,110.275,15.918,84.724,84.099,9.553,959.233
microservices,on_prem,sync,4,45,120.286,14.802,84.6,90.951,7.214,328.066
hybrid,on_prem,sync,4,52,60.317,17.308,99.255,84.113,22.406,335.111
microservices,on_prem,sync,1,50,120.623,8.206,94.753,89.521,24.07,968.744
microservices,on_prem,sync,4,56,111.631,15.518,86.55,80.269,10.007,160.935
hybrid,on_prem,sync,1,40,124.263,6.48,86.271,90.416,9.563,150.383
microservices,on_prem,sync,1,49,68.57,16.221,83.589,84.463,12.829,120.782
microservices,on_prem,sync,4,57,17.774,6.127,91.989,97.383,6.004,1274.148
microservices,on_prem,sync,4,53,43.204,23.549,87.057,87.663,23.432,694.992
hybrid,on_prem,sync,4,51,120.342,2.119,87.994,90.071,10.952,340.919
microservices,on_prem,sync,1,40,105.94,12.385,99.003,93.186,5.184,193.882
hybrid,on_prem,sync,1,57,85.827,22.04,91.464,88.46,8.706,738.657
microservices,on_prem,sync,1,58,54.708,20.053,92.861,89.845,22.253,302.447
microservices,on_prem,sync,1,55,93.713,19.1,94.274,80.294,13.198,1344.905
microservices,on_prem,sync,4,51,112.239,12.58,89.19,90.239,6.095,1295.159
hybrid,on_prem,sync,1,48,71.061,8.731,96.556,85.421,7.486,516.959
microservices,on_prem,sync,4,44,85.655,22.263,95.688,90.48,12.511,213.785
microservices,on_prem,sync,4,48,67.433,7.649,81.043,82.275,15.603,1143.047
microservices,on_prem,sync,1,59,43.445,23.624,93.422,94.835,10.702,754.784
hybrid,on_prem,sync,4,41,34.081,12.798,81.649,95.448,18.654,766.124
hybrid,on_prem,sync,1,49,6.926,17.855,94.33,91.659,18.747,330.356
hybrid,on_prem,sync,4,54,46.49,11.006,93.754,92.301,9.931,1341.819
event_driven,on_cloud,mixed,3,11,1582.25,61.6794,63.1524,0.264768,209.311,70542.0
hybrid,on_prem,sync,4,54,93.638,8.487,93.273,98.657,24.584,1153.477
microservices,on_prem,sync,4,42,69.336,21.54,97.491,88.731,9.464,564.706
hybrid,on_prem,sync,1,46,84.93,23.324,96.754,98.582,24.346,117.736
hybrid,on_prem,sync,4,50,11.277,23.24,88.898,85.74,20.982,1359.66
microservices,on_prem,sync,4,40,118.838,10.608,91.077,84.96,1.928,456.346
microservices,on_prem,sync,4,43,49.614,8.002,91.29,98.426,16.114,187.728
hybrid,on_prem,sync,4,56,42.354,21.884,95.615,87.013,4.282,379.071
microservices,on_prem,sync,1,51,56.279,21.708,95.103,99.781,22.54,427.821
hybrid,on_prem,sync,1,57,42.278,9.379,91.695,92.062,18.403,128.017
microservices,on_prem,sync,1,50,90.713,6.828,98.805,84.359,8.703,996.443
hybrid,on_prem,sync,1,56,43.99,15.794,97.713,92.647,8.729,97.986
hybrid,on_prem,sync,4,43,40.145,9.069,89.179,98.999,12.145,1167.862
microservices,on_prem,sync,4,51,58.489,17.521,91.213,87.21,5.622,145.754
microservices,on_prem,sync,1,59,40.71,10.248,84.632,80.353,23.992,798.203
hybrid,on_prem,sync,4,49,67.782,15.228,80.363,97.456,13.531,431.001
hybrid,on_prem,sync,4,45,76.552,7.771,81.839,83.75,22.216,1083.902
microservices,on_prem,sync,1,58,91.643,17.757,86.505,92.531,12.604,1102.902
hybrid,on_prem,sync,4,45,45.659,12.474,90.228,88.035,20.021,1255.18
microservices,on_prem,sync,1,48,56.723,24.901,97.403,82.813,13.366,192.016
hybrid,on_prem,sync,1,49,23.032,11.108,88.856,93.42,21.736,282.991
microservices,on_prem,sync,4,54,61.238,10.083,95.063,87.87,20.459,1113.695
hybrid,on_prem,sync,4,41,104.412,10.247,91.162,96.316,18.351,1282.119
serverless,hybrid,sync,2,21,1157.59,69.316,48.8048,61.5605,47.4077,68944.0
microservices,on_prem,sync,1,51,68.304,17.058,97.124,90.955,10.35,83.624
hybrid,on_prem,sync,1,54,94.243,22.61,94.314,84.483,3.891,312.858
hybrid,on_prem,sync,4,58,123.637,6.547,95.163,80.489,2.424,609.228
microservices,on_prem,sync,1,56,104.869,5.964,80.02,89.855,10.197,133.204
hybrid,on_prem,sync,4,48,32.376,13.173,97.802,86.414,16.139,135.419
hybrid,on_prem,sync,1,47,55.154,8.353,96.013,93.57,16.749,1310.286
hybrid,on_prem,sync,1,58,71.315,8.987,92.678,93.15,13.151,299.376
microservices,on_prem,sync,4,45,45.426,17.548,91.778,99.43,10.979,1361.046
microservices,on_prem,sync,1,47,76.723,7.623,99.418,91.354,6.391,220.928
microservices,on_prem,sync,4,55,19.213,7.65,92.866,94.314,13.667,1307.775
hybrid,on_prem,sync,4,47,55.546,2.93,95.493,81.403,16.017,1442.342
microservices,on_prem,sync,1,42,105.172,21.485,99.306,95.401,4.709,85.7
microservices,on_prem,sync,1,40,48.292,11.863,87.22,81.147,12.341,97.296
hybrid,on_prem,sync,1,51,68.92,4.787,96.078,93.968,2.969,391.412
hybrid,on_prem,sync,4,52,118.806,24.172,87.099,90.58,18.233,113.473
microservices,on_prem,sync,4,42,29.01,17.879,96.681,80.903,3.713,1484.847
hybrid,on_prem,sync,4,58,34.559,15.465,83.506,93.595,2.803,1389.621
hybrid,on_prem,sync,4,44,115.082,14.39,95.015,91.713,14.81,1191.849
hybrid,on_prem,sync,4,47,68.128,7.888,89.681,80.659,21.801,1454.431
microservices,on_prem,sync,1,52,90.183,10.46,98.801,84.438,22.912,715.294
hybrid,on_prem,sync,4,53,87.177,15.107,87.989,81.131,9.13,1248.904
microservices,on_prem,sync,4,52,60.519,21.137,85.811,91.715,21.856,286.847
microservices,on_prem,sync,4,48,32.399,14.909,89.548,94.246,14.777,808.549
microservices,on_prem,sync,1,46,9.584,14.634,95.256,91.492,11.948,403.501
event_driven,on_cloud,async,2,38,1173.64,29.7384,40.8606,48.9941,355.932,59163.0
hybrid,on_prem,sync,1,48,16.403,19.059,93.817,86.422,5.957,954.847
hybrid,on_prem,sync,4,57,30.56,8.89,99.829,97.399,12.581,918.329
microservices,on_prem,sync,4,45,57.684,9.858,90.698,85.592,13.492,524.902
hybrid,on_prem,sync,1,44,108.589,19.23,82.988,96.419,16.188,1427.116
hybrid,on_prem,sync,1,54,99.237,12.555,90.018,95.944,17.908,588.227
microservices,on_prem,sync,1,42,30.393,19.77,97.3,84.139,24.083,823.009
microservices,on_prem,sync,1,47,67.855,4.637,82.608,98.255,8.336,306.313
microservices,on_prem,sync,1,49,51.465,12.819,83.365,85.037,15.412,1321.319
hybrid,on_prem,sync,1,42,120.154,19.201,97.627,95.01,9.081,1196.416
microservices,on_prem,sync,1,51,49.357,22.611,88.391,80.881,13.614,1026.102
microservices,on_prem,sync,4,52,94.087,5.26,83.232,84.31,17.996,819.258
hybrid,on_prem,sync,1,50,48.059,9.321,97.756,87.871,7.636,1450.105
hybrid,on_prem,sync,4,52,51.366,22.13,85.786,94.698,4.753,294.07
event_driven,hybrid,async,3,22,885.624,76.7185,48.7392,18.9448,63.4776,30494.0
hybrid,on_prem,sync,4,48,11.139,16.524,81.162,98.51,5.361,712.78
microservices,on_prem,sync,1,52,58.558,7.176,90.78,90.946,15.701,64.302
microservices,on_prem,sync,4,41,75.591,9.598,88.025,97.916,18.497,759.444
microservices,on_prem,sync,1,49,33.298,6.211,89.671,97.863,15.128,393.829
hybrid,on_prem,sync,1,46,90.745,21.752,92.073,93.473,6.505,939.81
hybrid,on_prem,sync,1,42,120.698,13.097,90.281,98.1,22.459,661.756
hybrid,on_prem,sync,1,49,72.247,10.829,80.232,85.53,5.06,559.547
hybrid,on_prem,sync,4,44,108.681,10.88,95.212,99.731,22.713,1123.064
hybrid,on_prem,sync,1,50,121.69,6.627,95.925,87.369,4.751,1121.117
monolith,on_prem,async,3,8,1508.32,17.3736,52.4106,57.1415,130.108,91253.0
hybrid,on_prem,sync,4,47,121.906,20.867,84.788,98.1,0.292,1346.304
microservices,on_prem,sync,1,44,43.061,9.064,93.54,96.463,11.989,500.332
serverless,on_cloud,async,2,12,508.436,77.4101,60.3408,74.4634,196.366,51575.0
microservices,on_prem,sync,1,40,19.859,5.142,80.909,97.036,14.794,204.156
hybrid,on_prem,sync,4,57,94.976,20.433,84.602,94.363,8.478,1315.27
microservices,on_prem,sync,1,57,37.452,24.49,88.469,88.683,0.086,1178.748
microservices,on_prem,sync,1,57,37.994,24.262,98.973,81.75,5.389,132.358
hybrid,on_prem,sync,1,51,50.703,22.369,85.832,85.304,11.367,1314.014
hybrid,on_prem,sync,4,57,83.089,24.908,80.737,94.846,12.653,685.198
hybrid,on_prem,sync,1,59,123.018,3.988,84.066,91.066,13.482,179.73
hybrid,on_prem,sync,4,58,64.857,2.75,86.709,82.08,5.816,1429.208
microservices,on_prem,sync,1,43,28.779,16.042,90.077,80.278,13.48,820.371
microservices,on_prem,sync,1,44,38.774,10.364,87.004,92.172,9.83,1353.744
hybrid,on_prem,sync,1,51,58.032,15.421,88.884,93.843,6.537,750.973
microservices,on_prem,sync,4,57,92.627,8.973,96.186,87.788,15.585,1245.441
microservices,on_prem,sync,1,45,123.317,8.274,87.276,89.62,0.535,917.666
microservices,on_prem,sync,1,49,24.574,17.448,82.076,82.093,13.133,92.856
microservices,on_prem,sync,4,51,81.968,11.362,81.992,85.205,8.617,933.618
hybrid,on_prem,sync,4,43,9.641,6.493,88.763,81.736,0.647,1158.087
hybrid,on_prem,sync,4,47,78.741,22.109,90.89,98.697,13.603,627.906
microservices,on_prem,sync,4,46,47.929,9.721,87.516,84.24,13.215,593.757
hybrid,on_prem,sync,4,41,117.649,19.918,95.066,86.653,3.945,46.433
hybrid,on_prem,sync,1,44,87.732,15.724,89.785,91.055,0.131,1121.081
hybrid,on_prem,sync,1,53,83.818,10.355,92.246,89.319,23.968,181.649
hybrid,on_prem,sync,4,53,75.64,20.837,94.425,96.689,5.152,487.446
hybrid,on_prem,sync,4,49,31.486,8.843,93.338,89.358,13.379,353.055
hybrid,on_prem,sync,1,44,119.619,16.579,87.183,91.584,24.201,1478.694
microservices,on_prem,sync,1,47,78.326,10.137,90.927,82.528,0.643,1053.349
hybrid,on_prem,sync,4,41,16.541,4.023,97.357,93.955,15.063,1103.081
microservices,on_prem,sync,4,55,64.204,5.086,92.591,91.022,6.913,751.269
hybrid,on_prem,sync,1,53,45.607,10.59,84.519,85.343,19.021,810.434
microservices,on_prem,sync,1,44,17.098,15.201,84.352,84.066,15.514,803.591
microservices,on_prem,sync,1,50,103.391,11.231,84.06,95.832,21.35,1321.864
microservices,on_prem,sync,4,40,74.041,22.11,98.231,92.712,9.616,1475.149
microservices,on_prem,sync,4,52,59.419,18.3,93.216,84.188,21.342,1146.023
microservices,on_prem,sync,1,54,108.371,9.694,96.827,99.659,24.181,851.917
serverless,on_prem,sync,3,38,579.996,2.48466,3.47767,22.7226,162.669,3883.0
microservices,on_prem,sync,1,56,113.613,17.723,87.574,97.835,16.254,1311.077
hybrid,on_prem,sync,1,56,106.491,4.401,85.964,98.419,18.732,1176.503
microservices,on_prem,sync,4,41,81.495,14.311,93.324,81.272,2.315,700.793
microservices,on_prem,sync,4,57,13.623,9.001,85.783,81.58,14.185,1275.229
hybrid,on_prem,sync,1,57,89.669,22.704,80.128,95.915,23.086,536.839
microservices,on_prem,sync,4,40,71.695,6.408,98.581,97.244,6.654,1536.532
microservices,on_prem,sync,1,50,54.836,14.218,88.114,97.526,17.746,329.888
microservices,on_prem,sync,4,41,48.28,14.651,88.202,95.952,10.789,1036.664
microservices,on_prem,sync,1,52,86.279,6.743,96.447,86.95,13.09,945.617
microservices,on_prem,sync,1,54,50.924,23.215,80.155,82.126,24.843,1416.01
microservices,on_prem,sync,1,48,78.263,15.348,97.122,83.446,23.719,153.75
hybrid,on_prem,sync,4,42,122.338,4.505,88.624,80.337,9.429,1499.119
hybrid,on_prem,sync,4,46,86.225,24.922,86.815,98.679,19.237,425.41
serverless,on_cloud,sync,2,20,1582.37,45.3239,17.5042,16.29,278.94,89538.0
hybrid,on_prem,sync,1,53,75.655,17.705,90.448,89.298,15.443,264.324
microservices,on_prem,sync,4,51,58.191,6.325,80.668,85.336,0.793,501.474
hybrid,on_prem,sync,4,52,67.543,5.328,84.709,90.521,4.631,1210.542
microservices,on_prem,sync,4,50,38.201,12.183,82.932,94.325,24.874,805.813
hybrid,on_prem,sync,4,45,9.879,21.61,84.055,92.644,3.106,1232.227
microservices,on_prem,sync,4,45,104.86,17.214,87.744,89.322,23.468,665.136
microservices,on_prem,sync,1,56,94.889,4.084,91.62,83.345,19.167,1399.63
serverless,on_prem,sync,3,36,1936.09,79.9997,25.0836,50.8388,331.069,41895.0
microservices,on_prem,sync,1,58,72.306,13.305,89.662,92.262,22.607,863.612
hybrid,on_prem,sync,1,46,118.293,21.968,98.469,98.394,15.731,770.756
hybrid,on_prem,sync,4,40,20.326,2.75,99.652,89.453,21.808,1463.422
microservices,on_prem,sync,1,51,60.725,20.853,99.236,89.677,7.159,875.567
hybrid,on_prem,sync,4,40,58.363,22.05,95.588,83.71,13.352,840.61
hybrid,on_prem,sync,1,47,97.341,14.856,91.973,90.153,23.007,1023.731
microservices,on_prem,sync,1,51,72.607,21.753,93.903,85.258,20.683,1504.198
hybrid,on_prem,sync,4,52,34.714,8.574,81.739,82.162,6.324,318.171
hybrid,on_prem,sync,1,45,28.504,3.051,84.785,98.844,14.973,1058.175
hybrid,on_prem,sync,1,50,42.182,23.244,89.932,88.036,12.616,1269.566
microservices,on_prem,sync,4,48,90.136,2.039,99.139,80.26,12.464,110.114
microservices,on_prem,sync,1,54,122.31,14.929,99.126,92.339,21.953,1304.084
hybrid,on_prem,sync,4,57,70.85,13.376,87.439,91.153,0.607,918.266
microservices,on_prem,sync,1,59,45.757,18.643,95.376,98.531,2.398,522.847
microservices,on_prem,sync,4,48,36.846,12.348,83.235,98.849,2.255,603.749
microservices,on_prem,sync,4,59,112.463,24.103,87.82,84.333,4.511,1430.178
serverless,on_cloud,async,3,20,1274.35,68.4454,35.8016,45.5255,169.05,18966.0
hybrid,on_prem,sync,4,43,27.204,7.271,94.603,85.188,4.24,134.757
hybrid,on_prem,sync,1,41,66.488,13.309,98.221,84.655,11.508,1050.33
hybrid,on_prem,sync,4,58,61.684,10.412,99.748,83.107,9.008,1405.771
microservices,on_prem,sync,1,43,57.24,14.815,80.884,84.536,16.162,1511.204
hybrid,on_prem,sync,4,55,44.842,23.511,87.309,90.32,4.588,1521.85
microservices,on_prem,sync,1,44,39.985,8.674,93.77,90.276,20.427,61.187
microservices,on_prem,sync,4,49,97.794,19.467,80.383,84.98,21.981,625.912
hybrid,on_prem,sync,1,44,20.992,11.986,90.286,81.79,22.691,582.359
microservices,on_prem,sync,1,47,82.3,11.172,98.995,93.836,19.649,1089.933
serverless,on_cloud,async,2,37,1929.39,19.2065,73.3711,36.4648,8.20184,30022.0
microservices,on_prem,sync,4,47,28.516,8.377,89.134,84.299,13.562,1465.662
hybrid,on_prem,sync,4,45,109.0,6.896,90.927,99.564,19.438,1384.896
hybrid,on_prem,sync,4,44,46.458,15.417,83.014,81.149,2.239,1444.066
microservices,on_prem,sync,1,57,45.217,5.642,84.322,91.457,14.721,1410.142
microservices,on_prem,sync,4,47,94.954,9.462,80.309,98.417,0.022,1480.287
hybrid,on_prem,sync,1,54,80.458,8.159,93.813,80.796,5.431,1284.019
microservices,on_prem,sync,1,47,60.67,9.294,91.083,94.225,4.984,652.463
hybrid,on_prem,sync,4,40,42.484,24.5,91.466,99.498,9.073,635.299
microservices,on_prem,sync,4,42,20.83,23.074,84.458,83.97,21.429,137.884
microservices,on_prem,sync,1,44,82.48,4.684,85.855,84.057,11.263,1273.081
hybrid,on_prem,sync,4,40,123.705,14.013,95.028,80.731,19.281,353.163
hybrid,on_prem,sync,1,44,80.542,13.255,91.039,82.488,24.797,1140.522
microservices,on_prem,sync,4,52,29.894,11.864,89.616,93.427,15.782,1052.765
hybrid,on_prem,sync,4,43,91.529,14.03,86.411,80.427,23.482,1064.089
hybrid,on_prem,sync,1,51,30.409,5.533,99.094,91.756,18.34,527.96
microservices,on_prem,sync,4,43,107.486,9.951,99.785,98.632,20.834,90.106
microservices,on_prem,sync,1,52,11.841,23.284,82.56,91.382,18.269,290.851
microservices,on_prem,sync,1,57,29.762,6.734,97.48,93.589,12.913,108.091
serverless,hybrid,async,3,8,1250.41,47.6185,60.7483,22.2241,281.533,47603.0
microservices,on_prem,sync,4,54,91.895,9.029,83.618,91.269,13.815,259.301
hybrid,on_prem,sync,4,46,23.028,15.569,99.057,88.378,17.046,1158.596
hybrid,on_prem,sync,4,42,18.15,3.688,91.166,94.46,19.795,166.709
hybrid,on_prem,sync,4,46,61.408,2.478,95.13,87.417,23.288,524.462
hybrid,on_prem,sync,4,45,17.897,2.041,87.903,91.592,3.872,1377.526
microservices,on_prem,sync,1,53,97.783,23.973,93.085,97.991,1.207,849.651
microservices,on_prem,sync,4,57,63.91,13.179,93.72,85.396,11.904,979.495
hybrid,on_prem,sync,4,51,92.37,13.203,86.22,80.558,3.769,124.837
hybrid,on_prem,sync,1,41,92.156,21.196,81.841,92.912,19.041,1532.123
microservices,on_prem,sync,1,45,118.29,24.66,87.624,98.067,21.032,343.437
hybrid,on_prem,sync,1,44,115.832,13.29,82.549,85.54,3.926,1303.972
hybrid,on_prem,sync,1,52,30.528,9.107,86.59,85.728,2.549,1380.221
microservices,on_prem,sync,4,58,75.548,20.09,96.009,98.922,14.606,1070.648
hybrid,on_prem,sync,4,49,13.436,12.588,86.439,82.484,0.265,140.894
hybrid,on_prem,sync,1,52,56.676,21.195,89.266,90.729,5.632,768.946
microservices,on_prem,sync,1,49,64.006,10.87,90.506,95.91,0.969,1414.094
hybrid,on_prem,sync,1,43,50.274,9.643,82.014,88.584,15.359,417.741
hybrid,on_prem,sync,1,51,84.663,14.115,94.373,80.038,24.008,715.076
hybrid,on_prem,sync,1,48,17.942,5.486,89.63,80.193,14.435,136.043
hybrid,on_prem,sync,1,57,61.737,24.623,92.387,90.693,0.009,725.957
hybrid,on_prem,sync,4,48,87.332,13.064,93.746,88.561,14.029,539.523
microservices,on_prem,sync,4,58,16.686,22.186,80.889,81.122,3.53,724.5
hybrid,on_prem,sync,4,59,17.706,19.939,87.318,85.855,20.277,674.53
microservices,on_prem,sync,4,54,107.021,23.16,88.213,86.764,24.637,1357.129
microservices,on_prem,sync,4,47,72.159,17.321,93.753,86.259,13.383,1181.719
hybrid,on_prem,sync,1,50,79.553,24.885,93.794,95.51,15.385,252.065
hybrid,on_prem,sync,4,46,80.991,21.832,87.105,97.38,5.363,674.432
microservices,on_prem,sync,4,54,49.621,12.955,80.231,99.099,20.049,1308.06
hybrid,on_prem,sync,4,49,76.332,16.484,94.292,93.074,15.077,749.518
microservices,on_prem,sync,4,57,9.08,11.112,84.027,94.608,3.314,1138.6
hybrid,on_prem,sync,1,58,9.451,23.81,86.768,81.034,6.478,1280.031
microservices,on_prem,sync,1,41,37.428,24.945,99.393,87.185,8.937,867.796
hybrid,on_prem,sync,4,40,97.787,24.086,92.802,93.098,19.319,687.387
hybrid,on_prem,sync,1,46,76.828,13.375,89.821,96.489,22.383,1312.856
serverless,on_prem,sync,2,16,309.394,70.2613,53.6163,51.1088,253.225,92203.0
hybrid,on_prem,sync,1,41,88.723,23.222,95.035,87.01,22.127,1142.226
microservices,on_prem,sync,1,49,59.675,12.469,94.985,90.316,8.946,506.243
microservices,on_prem,sync,4,59,66.624,20.272,84.813,92.628,16.528,867.968
hybrid,on_prem,sync,4,40,117.325,21.942,87.012,88.059,18.701,1064.67
hybrid,on_prem,sync,4,49,53.687,23.902,80.236,87.768,1.168,1486.124
microservices,on_prem,sync,1,52,97.489,5.147,96.414,82.781,8.224,1188.422
hybrid,on_prem,sync,4,50,117.83,5.63,95.551,97.848,20.694,363.488
hybrid,on_prem,sync,4,51,67.361,3.764,83.659,81.176,2.557,947.744
microservices,on_prem,sync,4,43,8.458,20.109,90.848,93.664,4.819,1087.952
microservices,on_prem,sync,4,43,9.079,12.677,80.215,90.708,20.923,221.298
microservices,on_prem,sync,4,47,33.031,7.124,93.38,98.584,12.111,192.159
hybrid,on_prem,sync,4,44,97.266,12.419,94.385,94.345,8.27,1138.882
hybrid,on_prem,sync,4,54,93.691,3.07,97.637,86.668,14.072,821.572
hybrid,on_prem,sync,4,50,108.764,17.512,80.839,95.859,10.491,731.396
hybrid,on_prem,sync,4,52,124.188,7.467,91.896,96.477,4.657,918.392
microservices,on_prem,sync,1,54,33.504,9.282,88.591,92.385,3.386,1061.828
microservices,on_prem,sync,4,55,53.203,3.462,95.839,84.185,19.142,204.209
hybrid,on_prem,sync,4,45,95.488,6.542,80.414,95.462,4.744,259.776
microservices,on_prem,sync,4,42,60.782,6.821,98.318,99.277,7.295,1228.226
microservices,on_prem,sync,1,54,116.0,3.447,89.713,94.987,0.416,893.573
microservices,on_prem,sync,4,50,106.344,19.421,89.743,81.2,0.162,462.37
microservices,on_prem,sync,1,40,47.918,3.37,83.033,91.415,13.376,1389.836
hybrid,on_prem,sync,4,56,44.317,5.601,86.244,81.84,0.496,288.998
hybrid,on_prem,sync,1,51,100.5,21.511,81.543,98.175,10.382,696.724
hybrid,on_prem,sync,4,40,64.785,8.777,88.431,90.487,15.929,1035.22
microservices,on_prem,sync,4,50,56.353,22.81,90.298,94.925,20.969,547.509
microservices,on_prem,sync,1,56,27.234,22.569,96.365,90.277,2.453,158.274
monolith,on_cloud,async,3,30,293.545,3.49861,0.787824,78.0733,241.458,75286.0
microservices,on_prem,sync,1,52,36.368,22.998,97.524,82.527,9.383,51.848
hybrid,on_prem,sync,1,42,62.991,18.609,98.941,86.829,6.166,1297.828
hybrid,on_prem,sync,1,41,49.347,20.287,93.495,91.076,5.653,1123.212
microservices,on_prem,sync,1,59,21.078,14.426,82.016,85.648,16.934,1162.009
hybrid,on_prem,sync,4,47,106.955,6.315,86.408,89.998,20.063,632.471
microservices,on_prem,sync,4,56,34.752,23.646,81.534,84.748,17.803,909.098
hybrid,on_prem,sync,1,58,94.434,9.297,81.204,85.645,24.901,1471.712
microservices,on_prem,sync,4,52,91.908,11.934,95.573,83.37,19.305,1146.88
hybrid,on_prem,sync,4,56,57.995,7.287,98.171,82.067,19.391,926.346
monolith,on_cloud,mixed,3,27,183.817,63.6192,70.1471,34.0909,385.373,35848.0
microservices,on_prem,sync,4,41,102.102,21.682,85.808,85.579,19.103,644.469
hybrid,on_prem,sync,1,46,18.686,24.543,80.124,88.863,18.264,445.006
hybrid,on_prem,sync,4,44,9.581,22.019,89.739,95.255,17.642,821.372
microservices,on_prem,sync,1,48,63.785,5.047,88.588,81.695,6.607,566.965
microservices,on_prem,sync,4,52,60.922,5.548,85.865,96.959,18.204,1498.695
microservices,on_prem,sync,1,43,50.375,6.439,85.224,84.919,22.465,479.207
microservices,on_prem,sync,4,45,22.724,10.118,82.8,82.048,6.232,1017.044
microservices,on_prem,sync,1,42,79.963,15.88,99.166,98.077,23.279,737.194
hybrid,on_prem,sync,4,54,35.71,16.202,87.655,91.73,5.704,753.555
microservices,on_prem,sync,1,48,43.988,8.705,83.184,93.603,17.75,779.69
hybrid,on_prem,sync,1,56,53.633,23.089,83.316,96.525,13.757,1057.428
microservices,on_prem,sync,4,43,20.57,12.581,91.839,85.702,10.032,1400.724
hybrid,on_prem,sync,4,44,79.775,21.262,83.973,89.187,12.909,1046.007
hybrid,on_prem,sync,4,45,12.059,10.994,94.168,82.168,3.59,65.917
hybrid,on_prem,sync,1,51,38.774,21.347,90.546,80.019,4.532,980.97
hybrid,on_prem,sync,4,57,71.374,22.634,88.093,99.074,5.527,1415.391
hybrid,on_prem,sync,4,40,69.916,8.112,99.567,92.836,14.031,912.688
hybrid,on_prem,sync,4,45,87.863,21.635,82.197,89.605,14.2,927.014
hybrid,on_prem,sync,4,46,75.511,15.063,81.529,86.585,11.91,546.492
serverless,on_cloud,async,3,8,692.383,96.8413,13.4442,63.2461,201.57,13802.0
serverless,on_cloud,mixed,3,12,401.55,46.124,54.2897,0.0400137,143.929,72339.0
microservices,on_prem,sync,4,59,48.808,8.262,94.429,80.751,10.558,1404.572
microservices,on_prem,sync,4,52,9.406,24.86,87.504,81.787,21.29,286.102
microservices,on_prem,sync,4,42,45.316,20.916,82.83,93.164,3.367,930.788
microservices,on_prem,sync,1,56,61.278,20.736,83.92,92.636,4.687,544.408
hybrid,on_prem,sync,4,57,48.387,24.28,99.469,83.195,14.012,1100.754
microservices,on_prem,sync,1,48,22.38,5.644,93.833,82.65,1.005,552.723
hybrid,on_prem,sync,1,42,76.812,21.365,84.203,92.913,10.054,766.736
microservices,on_prem,sync,4,59,33.965,18.405,93.321,85.64,0.174,847.784
microservices,on_prem,sync,1,54,55.594,19.909,90.033,88.308,1.614,710.598
microservices,on_prem,sync,4,57,62.09,4.429,99.643,86.231,11.072,370.482
event_driven,on_cloud,mixed,2,6,1371.97,77.6136,2.77835,30.9609,106.956,53878.0
microservices,on_prem,sync,4,43,58.624,22.744,86.359,94.373,23.407,1103.558
hybrid,on_prem,sync,1,50,62.865,22.807,86.127,84.671,10.607,192.153
hybrid,on_prem,sync,4,44,18.023,15.423,96.19,94.41,5.53,1159.957
microservices,on_prem,sync,1,54,95.838,24.65,97.108,95.56,9.781,1041.68
hybrid,on_prem,sync,4,42,80.017,16.445,89.53,88.718,11.498,381.588
hybrid,on_prem,sync,4,47,87.713,5.546,97.913,99.614,15.021,1471.475
hybrid,on_prem,sync,1,52,95.776,20.963,95.783,91.547,10.243,1520.902
monolith,hybrid,mixed,2,22,828.244,29.7467,78.0556,61.2813,304.094,32027.0
microservices,on_prem,sync,1,53,37.662,16.394,96.123,95.685,15.804,1479.877
microservices,on_prem,sync,1,54,55.206,2.864,85.395,93.971,3.888,182.753
hybrid,on_prem,sync,1,46,76.799,14.114,80.398,97.198,7.378,1490.619
hybrid,on_prem,sync,4,56,14.538,8.179,94.77,89.025,13.21,824.158
hybrid,on_prem,sync,4,48,37.419,17.879,85.882,92.096,24.895,792.537
microservices,on_prem,sync,4,57,86.592,2.928,88.815,86.024,5.495,637.381
microservices,on_prem,sync,1,42,109.194,14.126,88.0,80.693,13.024,740.978
event_driven,on_prem,async,2,37,18.6432,90.3512,38.5865,7.81775,38.2021,80581.0
microservices,on_prem,sync,1,43,68.718,18.559,97.594,93.684,24.7,752.71
hybrid,on_prem,sync,1,47,60.857,24.492,80.858,88.205,2.177,694.349
hybrid,on_prem,sync,1,59,50.125,4.82,87.266,84.826,3.634,1231.985
microservices,on_prem,sync,4,57,105.611,16.951,83.367,81.055,17.258,793.473
microservices,on_prem,sync,1,52,32.494,18.729,83.363,81.138,20.431,1055.043
hybrid,on_prem,sync,1,58,77.937,5.622,96.869,91.185,19.151,593.218
microservices,on_prem,sync,4,53,92.478,4.075,93.099,99.327,3.468,872.716
hybrid,on_prem,sync,1,41,87.552,11.552,85.221,94.831,10.775,431.714
microservices,on_prem,sync,1,57,83.73,2.421,80.379,93.216,22.184,1410.243
microservices,on_prem,sync,4,48,109.036,2.956,92.496,82.468,19.756,972.449
microservices,on_prem,sync,4,54,74.124,14.336,82.749,81.015,2.332,1212.195
microservices,on_prem,sync,1,45,86.737,11.21,83.836,84.268,23.049,730.307
hybrid,on_prem,sync,1,50,58.943,21.369,92.258,95.482,17.846,1195.088
hybrid,on_prem,sync,4,47,81.745,4.26,91.478,89.717,15.592,900.239
hybrid,on_prem,sync,1,41,38.888,12.469,86.432,97.013,5.386,1033.325
hybrid,on_prem,sync,1,52,84.664,14.254,83.764,98.26,6.765,360.868
hybrid,on_prem,sync,4,40,85.409,10.525,95.392,89.991,16.691,201.623
hybrid,on_prem,sync,1,44,70.077,9.812,87.652,89.658,20.556,186.668
microservices,on_prem,sync,1,51,110.29,6.124,80.906,80.757,5.221,301.398
microservices,on_prem,sync,1,50,108.03,21.451,86.793,99.113,2.404,1491.893
microservices,on_prem,sync,4,53,62.543,9.235,93.81,90.635,8.242,1518.341
hybrid,on_prem,sync,1,54,124.548,21.693,91.986,98.331,8.86,1496.009
microservices,on_prem,sync,4,50,124.543,15.677,81.69,89.892,6.998,1509.18
hybrid,on_prem,sync,4,47,9.686,11.965,93.345,95.1,20.201,231.694
microservices,on_prem,sync,1,45,51.269,3.619,82.781,90.43,11.83,642.94
hybrid,on_prem,sync,1,40,123.769,16.029,89.134,86.321,8.065,305.315
hybrid,on_prem,sync,1,58,92.099,12.492,82.797,86.502,5.143,838.868
microservices,on_prem,sync,1,54,73.234,17.964,86.958,84.318,12.94,991.859
microservices,on_prem,sync,4,45,78.653,11.966,87.061,81.825,19.103,755.47
microservices,on_prem,sync,1,42,65.4,22.836,81.509,97.868,18.496,952.359
hybrid,on_prem,sync,1,40,65.467,22.903,80.418,96.499,23.39,1048.113
hybrid,on_prem,sync,1,56,107.238,14.641,99.077,98.217,7.522,601.287
hybrid,on_prem,sync,1,52,83.051,10.658,80.611,98.504,6.096,83.76
microservices,on_prem,sync,4,52,16.585,5.845,80.675,96.398,15.818,1205.129
hybrid,on_prem,sync,4,43,94.769,4.292,84.309,80.839,12.308,1079.068
serverless,on_prem,async,2,2,244.841,22.8113,22.7809,15.8767,317.741,47171.0
hybrid,on_prem,sync,1,43,110.396,22.997,99.679,86.53,10.623,140.526
microservices,on_prem,sync,4,58,40.785,23.681,91.644,84.088,6.18,1523.771
hybrid,on_prem,sync,4,56,117.449,10.161,80.208,91.78,8.505,584.182
hybrid,on_prem,sync,4,52,123.385,15.719,90.609,89.226,20.95,875.688
microservices,on_prem,sync,1,52,46.33,2.844,95.761,84.823,3.366,491.734
hybrid,on_prem,sync,4,59,34.581,11.735,86.385,95.742,7.945,1515.574
monolith,hybrid,async,2,13,1962.06,70.6576,12.6228,22.2234,376.714,4703.0
hybrid,on_prem,sync,1,57,87.205,20.104,81.154,93.532,14.231,1283.087
hybrid,on_prem,sync,1,55,42.322,20.125,89.698,80.449,13.508,1149.68
microservices,on_prem,sync,1,47,25.525,16.542,88.002,93.026,19.619,933.105
microservices,on_prem,sync,4,43,26.049,3.585,93.016,92.58,9.773,1209.6
event_driven,hybrid,mixed,3,11,1213.62,39.814,37.9667,73.2114,62.8092,79059.0
hybrid,on_prem,sync,1,54,117.962,9.126,87.198,86.158,14.104,995.309
event_driven,on_cloud,mixed,2,6,966.462,1.37368,26.8436,40.2118,96.039,49532.0
microservices,on_prem,sync,1,41,95.713,18.38,81.849,81.854,9.984,125.683
hybrid,on_prem,sync,4,46,47.139,11.437,84.039,81.543,4.327,1457.563
hybrid,on_prem,sync,1,40,50.673,3.476,85.752,85.467,15.169,1103.888
hybrid,on_prem,sync,1,51,101.439,8.89,85.447,85.17,18.151,772.758
microservices,on_prem,sync,4,42,26.399,18.31,95.394,99.505,5.14,158.894
hybrid,on_prem,sync,1,45,70.767,5.633,99.21,95.267,14.245,195.676
hybrid,on_prem,sync,1,45,43.672,20.576,81.836,98.869,8.976,1538.591
hybrid,on_prem,sync,4,46,27.645,11.361,87.849,87.736,13.806,1355.996
hybrid,on_prem,sync,4,59,7.101,19.948,98.373,99.652,6.31,1282.833
hybrid,on_prem,sync,1,55,57.219,11.404,94.73,86.579,18.601,672.392
hybrid,on_prem,sync,1,45,105.507,20.614,85.833,83.312,4.586,878.189
microservices,on_prem,sync,1,49,66.618,5.266,87.995,80.622,22.201,1129.32
microservices,on_prem,sync,4,42,67.702,5.663,92.424,83.829,0.165,470.62
hybrid,on_prem,sync,4,43,108.362,18.956,82.161,88.357,22.371,517.463
hybrid,on_prem,sync,4,43,10.085,24.475,99.639,83.62,14.944,1104.429
hybrid,on_prem,sync,4,53,8.803,17.502,81.593,97.001,11.232,992.726
microservices,on_prem,sync,1,55,69.407,8.477,81.817,83.94,19.878,1363.474
microservices,on_prem,sync,1,52,44.333,18.836,87.856,90.795,4.809,295.284
hybrid,on_prem,sync,4,57,111.428,18.866,89.069,96.263,2.153,685.22
microservices,on_prem,sync,1,56,7.583,7.831,95.011,85.0,11.852,1479.87
microservices,on_prem,sync,4,43,23.144,14.528,84.783,81.981,10.664,1141.557
hybrid,on_prem,sync,4,50,25.709,14.228,84.041,82.119,12.759,622.731
hybrid,on_prem,sync,1,52,67.003,17.465,88.949,87.822,2.52,82.532
microservices,on_prem,sync,4,40,47.699,19.672,99.183,99.38,3.509,1164.093
hybrid,on_prem,sync,1,54,60.02,24.105,83.398,91.121,8.169,1200.585
microservices,on_prem,sync,1,42,18.304,5.97,95.913,87.268,10.857,112.693
hybrid,on_prem,sync,1,50,38.696,24.221,89.811,89.568,2.795,1258.646
hybrid,on_prem,sync,1,56,48.317,23.432,99.096,98.765,0.593,1258.704
hybrid,on_prem,sync,1,58,86.222,13.03,82.54,86.932,22.658,1514.94
hybrid,on_prem,sync,1,41,31.488,20.811,94.038,84.601,9.178,882.326
microservices,on_prem,sync,1,43,32.544,6.632,99.331,89.938,18.186,982.519
hybrid,on_prem,sync,1,45,105.319,12.534,81.702,85.161,17.453,990.316
microservices,on_prem,sync,1,40,31.742,7.042,89.187,97.98,19.873,120.655
microservices,on_prem,sync,1,51,40.205,17.588,84.311,96.661,24.934,1504.775
microservices,on_prem,sync,4,48,15.172,12.662,85.177,99.702,13.793,1449.131
hybrid,on_prem,sync,4,53,113.919,10.253,96.522,98.363,3.591,312.101
microservices,on_prem,sync,1,59,11.189,15.941,85.027,96.29,4.081,242.892
hybrid,on_prem,sync,4,46,75.222,12.516,94.902,94.958,0.395,1434.494
microservices,on_prem,sync,1,54,19.229,4.209,96.978,92.787,23.629,493.661
microservices,on_prem,sync,1,48,122.809,2.472,80.831,84.385,18.965,1481.148
hybrid,on_prem,sync,1,44,77.98,16.171,84.609,92.044,7.408,597.222
microservices,on_prem,sync,1,54,124.123,4.794,87.394,90.682,0.504,534.699
microservices,on_prem,sync,1,54,78.475,14.269,90.425,91.753,16.6,1396.163
microservices,on_prem,sync,1,50,13.858,24.35,91.737,95.992,18.591,1151.324
microservices,on_prem,sync,1,49,15.253,16.582,86.641,97.323,23.118,1024.613
hybrid,on_prem,sync,4,56,73.916,23.832,90.757,90.265,3.841,1319.173
hybrid,on_prem,sync,4,51,8.11,2.049,94.449,93.705,20.642,1228.423
microservices,on_prem,sync,1,49,11.284,17.644,97.836,99.576,18.883,1324.682
microservices,on_prem,sync,4,46,114.073,10.699,99.15,87.347,7.374,209.435
hybrid,on_prem,sync,4,45,101.279,4.194,96.245,94.381,9.425,795.496
microservices,on_prem,sync,1,46,121.75,12.772,90.335,92.427,7.577,1083.192
hybrid,on_prem,sync,1,49,95.626,16.626,97.631,84.624,7.721,324.22
hybrid,on_prem,sync,1,53,101.502,17.479,85.682,84.002,7.622,1467.487
hybrid,on_prem,sync,1,58,11.969,9.794,92.418,90.813,9.444,787.598
microservices,on_prem,sync,4,43,61.454,9.812,83.674,88.024,22.758,299.106
hybrid,on_prem,sync,1,54,92.868,7.972,93.844,87.175,13.411,893.438
microservices,on_prem,sync,1,59,80.013,5.46,91.615,96.778,7.478,718.534
microservices,on_prem,sync,4,47,40.473,13.373,88.13,80.53,24.315,1168.15
microservices,on_prem,sync,1,57,57.253,22.64,93.177,82.786,20.265,116.233
microservices,on_prem,sync,1,43,120.148,16.203,98.7,99.776,4.853,1504.901
hybrid,on_prem,sync,1,43,31.785,7.844,98.942,95.401,1.731,1098.42
hybrid,on_prem,sync,4,53,9.624,24.858,93.466,95.027,12.802,1015.175
