schema,n_core,n_total,n_attacks,n_aux_cols,risk_value,risk_ci_low,risk_ci_high,attack_rate,control_rate,verdict
sdtm_vs,16,160,16,40,0.0,0.0,1.0,0.9031961597327819,0.9031961597327819,indistinguishable from 0
adam_adsl,32,320,32,80,0.0,0.0,1.0,0.9464104008724646,0.9464104008724646,indistinguishable from 0
adam_adlb,64,640,64,153,0.0,0.0,1.0,0.9716879701035973,0.9716879701035973,indistinguishable from 0
adam_adpc,128,1280,128,301,0.0,0.0,1.0,0.9854315218632458,0.9854315218632458,indistinguishable from 0
adam_adpc_extended,256,2560,256,601,0.0,0.0,1.0,0.9926080717870642,0.9926080717870642,indistinguishable from 0
hr_open_n256,256,2560,256,587,0.0,0.0,1.0,0.9926080717870642,0.9926080717870642,indistinguishable from 0
hr_open_n512,512,5120,500,1201,0.0,0.0,1.0,0.9961878297692239,0.9961878297692239,indistinguishable from 0
eurostat_silc_n128,128,1280,128,311,0.0,0.0,1.0,0.9854315218632458,0.9854315218632458,indistinguishable from 0
eurostat_silc_n512,512,5120,500,1207,0.0,0.0,1.0,0.9961878297692239,0.9961878297692239,indistinguishable from 0
