schema,n_core,n_total,anonymeter_risk,anonymeter_attack,anonymeter_control,synthcity_leakage_xgb,synthcity_identifiability,pm_mean_rel_error,pm_r2,pm_success_5pct
sdtm_vs,16,160,0.0,0.9031961597327819,0.9031961597327819,0.0,1.0,4.468879833068221,0.8170062766105051,0.125
adam_adsl,32,320,0.0,0.9464104008724646,0.9464104008724646,0.0,1.0,0.7660153781759559,0.8277853795830644,0.15625
adam_adlb,64,640,0.0,0.9716879701035973,0.9716879701035973,0.015384615384615385,1.0,0.4489764557102977,0.8258467904040517,0.171875
adam_adpc,128,1280,0.0,0.9854315218632458,0.9854315218632458,0.15503875968992248,1.0,1.1875625423513492,0.8543865336083674,0.1328125
adam_adpc_extended,256,2560,0.0,0.9926080717870642,0.9926080717870642,0.058365758754863814,1.0,0.5148672728661297,0.8433705166695576,0.13671875
hr_open_n256,256,2560,0.0,0.9926080717870642,0.9926080717870642,0.0,1.0,0.5320566824950679,0.8392606473466953,0.1328125
hr_open_n512,512,5120,0.0,0.9961878297692239,0.9961878297692239,0.0,1.0,1.0047683124604274,0.825163581994786,0.126953125
eurostat_silc_n128,128,1280,0.0,0.9854315218632458,0.9854315218632458,0.0,1.0,1.259164655551051,0.8404987262660246,0.1015625
eurostat_silc_n512,512,5120,0.0,0.9961878297692239,0.9961878297692239,0.0,1.0,1.0415966102141243,0.8210528318165138,0.109375
