city,credit_score,loan_amount,years_employed,points,loan_approval,income
Tulsa,725,33218,25,83,False,84275
Atlanta,728,27835,34,61,False,7674
Tulsa,742,40256,33,74,False,8689
Atlanta,764,42752,33,100,False,49082
New York,302,25920,1,32,True,12931
Atlanta,710,36134,28,65,True,77775
Atlanta,754,43826,38,84,False,88634
Tulsa,722,33532,26,84,False,54952
Atlanta,638,31842,34,73,True,2712
Boston,833,27862,31,84,True,76390
Miami,425,10361,10,16,False,70179
Boston,693,32118,34,66,False,21485
Atlanta,630,31662,30,84,True,67741
Boston,838,33888,31,80,True,76243
Atlanta,770,27936,26,92,True,93403
New York,546,13969,5,44,False,79721
Tulsa,729,27804,36,59,True,90407
Tulsa,753,42730,29,90,True,80616
Atlanta,772,38610,25,68,True,53369
Atlanta,666,33810,24,91,True,8681
Tulsa,802,39039,25,80,True,62265
Tulsa,795,44259,31,90,True,8049
Atlanta,830,39755,27,96,False,2277
Tulsa,776,28803,27,86,False,11103
Boston,621,27659,34,67,True,50592
Tulsa,700,29754,29,65,False,40973
Boston,788,38335,27,87,True,60822
Atlanta,629,30826,25,89,False,77422
Tulsa,645,29889,24,77,True,90674
Atlanta,724,37769,31,95,True,87363
Tulsa,827,37172,34,92,True,92318
Boston,624,44428,30,83,False,46848
Atlanta,826,28141,32,82,True,77997
Tulsa,841,28635,35,64,False,74685
Atlanta,776,43809,24,65,True,63413
Atlanta,815,42409,26,85,False,97030
Boston,803,28446,38,68,True,41810
Atlanta,845,44669,33,84,True,67063
Tulsa,719,29966,27,80,False,25914
Atlanta,681,27104,31,89,True,10855
Tulsa,758,27427,34,87,True,31352
Atlanta,788,44368,32,96,False,87539
Atlanta,788,40590,24,75,True,199
Tulsa,627,27157,38,75,False,87049
Tulsa,637,41461,26,74,True,96174
Atlanta,719,34094,37,67,False,40855
Tulsa,705,43287,33,71,True,31688
Tulsa,644,36271,30,98,True,5812
New York,490,8355,9,26,False,12157
Atlanta,823,31360,24,73,True,47893
Miami,546,15874,18,26,False,57486
Tulsa,622,27630,25,80,True,9837
Atlanta,723,27308,30,96,True,29526
Boston,719,34158,24,59,False,38201
Atlanta,623,40072,33,82,False,58331
Atlanta,710,35325,34,77,True,73145
Atlanta,828,41153,35,74,False,10472
Tulsa,689,41736,39,89,False,80376
Atlanta,716,29211,28,61,False,29321
Atlanta,671,31782,40,63,True,6405
Tulsa,673,39804,35,89,False,24481
Atlanta,735,28600,39,82,False,14673
Tulsa,703,30329,31,95,True,16783
Atlanta,796,28356,24,94,True,23179
Atlanta,720,43441,31,65,True,78608
Boston,624,42428,35,91,False,85547
New York,374,15373,20,20,True,14255
Tulsa,723,28549,39,88,False,15703
Boston,750,30066,40,92,True,19637
Atlanta,650,40918,39,66,True,80615
Atlanta,723,35360,27,64,False,74814
Boston,704,30192,26,84,True,80360
Tulsa,679,33875,25,87,True,53343
Tulsa,745,30829,38,72,True,60546
Boston,836,32557,31,84,True,79702
Tulsa,669,40728,27,58,True,75334
Atlanta,834,38448,39,71,False,56010
Atlanta,730,28553,34,97,True,1985
Tulsa,660,35368,37,98,True,5894
Boston,823,32488,39,91,True,55283
Atlanta,750,44228,24,73,False,49288
Boston,839,34421,38,67,False,60267
Atlanta,648,42548,26,96,True,14221
Atlanta,756,27576,33,94,True,37506
Boston,760,37192,25,86,False,18204
Tulsa,657,27393,25,75,True,52984
Boston,707,32113,40,66,True,73710
Boston,667,33689,26,87,False,3283
Boston,711,37602,26,79,True,5143
Boston,732,31205,33,71,False,80393
Boston,689,39863,33,72,True,44783
Atlanta,641,43341,38,80,False,7444
Boston,780,33841,33,79,True,18846
Boston,647,32332,34,84,False,5466
Tulsa,775,29568,26,84,True,43362
Tulsa,744,31931,24,77,True,67940
Atlanta,816,37880,26,74,False,62974
Boston,771,43342,27,65,False,60682
Boston,772,36791,31,66,False,29147
Tulsa,703,43780,39,89,False,47774
Boston,726,37122,28,63,True,40249
Tulsa,847,36823,33,75,False,64544
Boston,641,32039,26,90,False,88960
New York,515,5839,17,13,True,4630
Tulsa,819,39101,37,93,True,3877
Atlanta,836,30302,30,82,True,81416
New York,420,8706,14,50,True,59517
Boston,633,37015,25,63,True,77465
Tulsa,730,43191,26,85,False,69070
Atlanta,671,31668,35,91,False,62386
Atlanta,641,41724,36,68,False,56799
Miami,306,23542,23,36,False,45828
Boston,656,40196,38,100,False,50093
Atlanta,685,27721,26,68,True,35930
Miami,378,15586,5,46,True,371
Tulsa,838,26754,27,91,True,86779
Tulsa,682,36105,32,96,False,30440
Atlanta,786,44829,29,86,False,6915
Atlanta,646,36161,34,90,False,86925
New York,415,7247,7,36,True,57849
Miami,510,5080,8,53,True,19925
Tulsa,759,34207,34,70,False,37052
Boston,833,40152,35,86,False,84559
Boston,629,32352,37,89,False,71422
Atlanta,793,29995,31,75,False,98435
Atlanta,849,40958,25,86,False,65528
Tulsa,784,44107,28,69,False,10095
Miami,497,10005,13,41,False,54418
Atlanta,770,31080,36,66,False,4142
Atlanta,658,44043,35,77,False,78249
Atlanta,793,33563,33,76,True,40394
Miami,615,23794,1,12,False,8512
Tulsa,755,44623,39,95,True,3047
New York,616,25312,21,56,False,73233
Tulsa,696,31341,31,82,False,23006
Atlanta,681,44745,29,71,False,54963
Atlanta,677,30502,29,63,False,66319
Atlanta,632,39446,39,91,True,16209
Boston,805,37431,34,72,False,88460
Atlanta,671,29345,26,86,True,39394
Boston,839,40396,25,70,False,37214
Boston,660,42967,29,64,False,69197
Tulsa,672,40174,34,79,False,43227
Tulsa,674,26997,28,92,False,43749
Atlanta,664,32140,25,76,True,52502
Boston,820,41566,38,97,False,94901
Boston,815,30690,25,100,False,70969
Boston,834,33244,37,66,True,35963
Atlanta,776,39587,28,98,True,82701
Boston,715,33376,38,59,False,66843
Boston,666,31806,29,91,True,61652
Atlanta,649,31333,35,82,False,86490
Tulsa,834,43597,30,63,True,8748
Miami,409,4662,17,30,True,6629
Tulsa,795,41420,29,70,True,78702
Tulsa,674,42725,35,69,False,58405
Atlanta,636,34514,39,81,False,19713
Boston,670,38871,24,66,True,7565
Atlanta,757,27194,31,94,False,13289
Boston,783,34078,33,84,False,11570
